LP.;ID;Nazwa;Rzeka;Szerokość geograficzna;Długość geograficzna;Wysokość n.p.m.
1;249170080;Dzierżkowice;Opawa (112);49 59 32;17 50 47;270.0
2;249180010;Pszczyna;Pszczynka (2116);49 59 44;18 55 09;270.0
3;249180020;Warszowice;Pszczynka (2116);49 59 31;18 42 20;270
4;249180030;Chałupki;Odra (1);49 55 33;18 19 39;198.0
5;249180070;Mazańcowice;Wapienica (21128);49 51 45;18 58 10;269.0
6;249180090;Rudzica;Iłownica (2112);49 51 12;18 52 57;337.0
7;249180130;Cieszyn;Olza (114);49 45 15;18 38 54;295
8;249180150;Wapienica;Wapienica (21128);49 46 25;18 58 24;456.0
9;249180160;BRENNA;Brennica (21114);49 45 13;18 52 15;350.0
10;249180170;Błatnia;Brennica (21114);49 44 49;18 56 33;882.0
11;249180180;Równica, wieś;Wisła (2);49 43 11;18 51 09;768.0
12;249180210;SZCZYRK;Żylica (213274);49 42 20;19 01 17;593.0
13;249180220;CZANTORIA;Wisła (2);49 41 00;18 49 11;842.0
14;249180230;WISŁA;Wisła (2);49 39 17;18 51 41;430
15;249180240;WISŁA-MALINKA;Wisła (2);49 38 41;18 58 03;685.0
16;249180260;ISTEBNA-KUBALONKA;Olza (114);49 36 13;18 54 04;780.0
17;249180270;Istebna Młoda-Góra;Olza (114);49 34 50;18 51 43;786.0
18;249180280;ISTEBNA-STECÓWKA;Olza (114);49 35 07;18 56 25;735.0
19;249180390;BRENNA Leśnica;Brennica (21114);49 42 36;18 54 11;426.0
20;249180410;ISTEBNA-WIEŚ;Olza (114);49 34 08;18 53 32;578.0
21;249180520;RUDZICA;Iłownica (2112);49 51 14;18 52 51;345.0
22;249180530;ISTEBNA-STECÓWKA;Olza (114);49 35 05;18 56 16;725.0
23;249180550;Cieszyn;Olza (114);49 46 30;18 36 33;255.0
24;249180570;Międzyrzecze Górne;Wapienica (21128);49 50 22;18 55 42;312.0
25;249180580;Goczałkowice-Zdrój;Wisła (2);49 56 18;18 56 02;259.0
26;249180590;Ruptawa;Olza (114);49 56 12;18 35 22;230.0
27;249180620;Kończyce Małe;Piotrówka (1146);49 51 08;18 38 20;242.0
28;249180630;Kiczyce;Wisła (2);49 49 18;18 47 59;283.0
29;249180640;Brenna-Brennica;Brennica (21114);49 43 24;18 54 27;403.0
30;249190010;JAWISZOWICE;Wisła (2);49 57 35;19 08 31;260.0
31;249190030;LIBERTÓW;Wilga (21372);49 58 21;19 53 42;318.0
32;249190050;RADZISZÓW;Skawinka (21356);49 56 23;19 48 33;222.0
33;249190060;SIEPRAW;Skawinka (21356);49 54 17;19 57 53;267.0
34;249190080;WADOWICE;Skawa (2134);49 52 55;19 31 07;259.0
35;249190090;INWAŁD;Wieprzówka (21348);49 52 02;19 23 19;350
36;249190130;MIĘDZYBRODZIE BIALSKIE;Soła (2132);49 47 22;19 11 46;328.0
37;249190140;LESKOWIEC;Skawa (2134);49 47 44;19 26 48;872.0
38;249190150;STRÓŻA;Raba (2138);49 47 47;19 55 03;330.0
39;249190170;BOGDANÓWKA;Krzczonówka (213836);49 45 34;19 47 17;812.0
40;249190190;MAKÓW PODH.;Skawa (2134);49 43 33;19 41 17;361.0
41;249190210;ŁODYGOWICE;Żylica (213274);49 43 27;19 09 37;375
42;249190220;ŚLEMIEŃ;Łękawica (13498);49 43 03;19 21 11;447.0
43;249190230;Lubień;Lubieńka (213834);49 43 15;19 58 12;429.0
44;249190240;LACHOWICE KRALE;Stryszawka (21346);49 41 18;19 25 04;616.0
45;249190270;Osielec;Skawa (2134);49 40 44;19 44 20;439.0
46;249190280;KRZECZÓW;Lubieńka (213834);49 41 01;19 54 36;548.0
47;249190290;Lipowa;Soła (2132);49 39 58;19 04 36;530.0
48;249190310;Pewel Mała;Koszarawa (21324);49 39 39;19 18 21;425.0
49;249190320;LUBOŃ WIELKI;Lubieńka (213834);49 39 12;19 59 32;1021.0
50;249190340;KOSZARAWA;Soła (2132);49 39 21;19 24 16;595.0
51;249190350;ZAWOJA;Skawica (21344);49 36 42;19 31 07;697
52;249190380;Kamesznica;Bystra (213232);49 34 12;19 03 52;470.0
53;249190390;MARKOWE SZCZAWINY;Skawica (21344);49 35 15;19 30 59;1193.0
54;249190410;MILÓWKA;Soła (2132);49 33 33;19 04 46;485
55;249190420;Żabnica;Żabniczanka (213234);49 33 39;19 11 15;585.0
56;249190430;SOPOTNIA WIELKA;Koszarawa (21324);49 34 54;19 17 58;745
57;249190440;KORBIELÓW;Koszarawa (21324);49 34 07;19 20 54;650.0
58;249190460;SPYTKOWICE GÓRNE;Skawa (2134);49 33 52;19 45 42;639.0
59;249190470;Raba Wyżna;Raba (2138);49 33 53;19 52 54;536.0
60;249190480;LALIKI;Soła (2132);49 32 41;19 00 58;680.0
61;249190520;OBIDOWA;Raba (2138);49 32 39;19 58 07;805
62;249190530;PILSKO;Koszarawa (21324);49 32 28;19 19 06;1278.0
63;249190540;RAJCZA;Soła (2132);49 30 22;19 06 19;495.0
64;249190560;JABŁONKA;Piekielnik (82224);49 28 20;19 41 45;614.0
65;249190580;RYCERKA GÓRNA;Soła (2132);49 25 35;19 00 30;710.0
66;249190610;RATUŁÓW;Wielki Rogoźnik (214116);49 23 30;19 53 01;679.0
67;249190620;BAŃSKA WYŻNA;Biały Dunajec (21412);49 23 03;19 58 24;896.0
68;249190630;WITÓW;Dunajec (214);49 19 39;19 49 30;822.0
69;249190640;NOWE BYSTRE;Wielki Rogoźnik (214116);49 19 56;19 55 45;870.0
70;249190660;KOŚCIELISKO-KIRY;Kirowa Woda (214112);49 16 39;19 52 10;922.0
71;249190670;POLANA CHOCHOŁ.;Dunajec (214);49 14 13;19 47 19;1145.0
72;249190680;HALA ORNAK;Kirowa Woda (214112);49 13 45;19 51 34;1109
73;249190750;Soblówka;Woda Ujsolska (21322);49 26 15;19 08 54;702.0
74;249190770;Straconka;Biała (2114);49 47 38;19 06 26;450.0
75;249190780;Gubałówka;Biały Dunajec (21412);49 18 20;19 55 47;1123.0
76;249190790;Ratułów;Wielki Rogoźnik (214116);49 23 30;19 53 03;679.0
77;249190810;Kalwaria Zebrzydowska.;Cedron (213568);49 52 12;19 41 07;312.0
78;249190820;Koszarawa;Koszarawa (21324);49 40 20;19 24 50;671.0
79;249190830;Kościelisko-Kiry;Kirowa Woda (214112);49 16 40;19 52 15;933.0
80;249190840;Rajcza;Soła (2132);49 30 29;19 06 55;505.0
81;249190850;Rycerka Górna;Soła (2132);49 25 33;19 00 29;720.0
82;249190860;Soblówka;Woda Ujsolska (21322);49 27 24;19 08 43;620.0
83;249190870;Ślemień;Łękawica (13498);49 42 57;19 22 28;480.0
84;249190880;Wadowice;Skawa (2134);49 52 38;19 30 40;265.0
85;249190890;RADZIECHOWY ;Soła (2132);49 38 55;19 09 20;395.0
86;249190920;LIPNICA WIELKA;Czarna Orawa (8222);49 32 16;19 32 43;819.0
87;249190960;Budzów;Paleczka (2134732);49 46 26;19 39 34;342.0
88;249190970;Sidzina;Bystrzanka (21342);49 37 10;19 43 37;546.0
89;249190980;Sucha Beskidzka;Skawa (2134);49 45 14;19 36 21;324.0
90;249190990;Jordanów;Skawa (2134);49 38 35;19 50 30;534.0
91;249191020;Skawica;Skawica (21344);49 41 11;19 40 01;409.0
92;249191030;Kopytówka;Wisła (2);49 56 01;19 38 10;309.0
93;249200020;ŁAZY;Wisła (2);49 57 55;20 29 43;245.0
94;249200050;STRADOMKA;Stradomka (21388);49 55 15;20 18 33;226.0
95;249200060;Gnojnik;Uszwica (21396);49 53 43;20 35 18;310.0
96;249200070;DOBCZYCE;Raba (2138);49 52 39;20 04 14;308.0
97;249200080;Łapanów;Stradomka (21388);49 52 31;20 17 01;265.0
98;249200110;JODŁOWNIK;Stradomka (21388);49 46 15;20 13 29;384.0
99;249200120;ROZDZIELE;Stradomka (21388);49 47 07;20 24 58;627.0
100;249200130;JASTRZĘBIA;Biała (2148);49 47 11;20 53 47;288.0
101;249200140;WĘGLÓWKA;Raba (2138);49 45 01;20 04 28;512.0
102;249200180;LIMANOWA;Łososina (21472);49 41 37;20 25 06;515.0
103;249200210;PÓŁRZECZKI;Łososina (21472);49 39 09;20 12 54;650.0
104;249200220;ROZTOKA;Dunajec (214);49 38 25;20 23 00;815.0
105;249200230;GRYBÓW;Biała (2148);49 37 11;20 56 53;335.0
106;249200240;PTASZKOWA;Biała (2148);49 36 01;20 53 12;520
107;249200250;JASIONÓW;Raba (2138);49 35 23;20 01 33;742.0
108;249200260;ŁĄCKO;Dunajec (214);49 33 35;20 26 22;366.0
109;249200270;TURBACZ;Dunajec (214);49 32 41;20 07 05;1273.0
110;249200280;ŁABOWA;Kamienica (21432);49 31 34;20 51 31;455.0
111;249200290;OCHOTNICA GÓRNA;Dunajec (214);49 30 37;20 14 41;617.0
112;249200310;KOWANIEC;Dunajec (214);49 29 27;20 02 49;623.0
113;249200320;ŁOPUSZNA;Dunajec (214);49 28 27;20 07 25;570.0
114;249200330;STUDZIONKI;Dunajec (214);49 29 43;20 12 43;904.0
115;249200340;DĘBNO;Białka (214154);49 27 57;20 12 34;536.0
116;249200350;HUTA;Poprad (2142);49 27 54;20 57 24;756.0
117;249200360;MIZERNA;Dunajec (214);49 27 19;20 16 55;570.0
118;249200370;KROŚCIENKO;Dunajec (214);49 26 44;20 25 54;435.0
119;249200380;SZAFLARY;Biały Dunajec (21412);49 25 29;20 01 51;643.0
120;249200420;NIEDZICA;Niedziczanka (214172);49 25 04;20 18 57;534
121;249200440;JAWORZYNA KRYNIC.;Poprad (2142);49 25 04;20 53 43;1110.0
122;249200450;BIAŁKA TATRZAŃSKA;Białka (214154);49 24 44;20 06 26;680.0
123;249200470;KRYNICA;Poprad (2142);49 24 28;20 57 39;582.0
124;249200480;BUKOWINA;Białka (214154);49 20 15;20 05 54;902.0
125;249200490;MUSZYNA;Poprad (2142);49 20 59;20 53 11;445
126;249200530;ŁYSA POLANA;Białka (214154);49 15 49;20 06 54;970.0
127;249200540;HALA GĄSIENICOWA;Dunajec (214);49 14 38;20 00 21;1523.0
128;249200550;DOLINA 5 STAWÓW;Dunajec (214);49 12 49;20 02 52;1674.0
129;249200570;TRZEMEŚNIA;Raba (2138);49 48 45;20 00 46;347.0
130;249200910;MORSKIE OKO;Rybi Potok (2141542);49 12 04;20 04 17;1400.0
131;249200920;PIWNICZNA;Poprad (2142);49 25 30;20 43 23;380.0
132;249200930;PORONIN;Poroniec (214128);49 19 49;20 02 07;776.0
133;249200950;Szaflary;Biały Dunajec (21412);49 24 58;20 01 31;636.0
134;249200960;NOWY TARG-KOWANIEC;Dunajec (214);49 29 11;20 03 18;590.0
135;249200980;MSZANA DOLNA;Raba (2138);49 39 49;20 03 16;440.0
136;249200990;WRONOWICE;Łososina (21472);49 44 11;20 35 26;270.0
137;249201010;SIERCZA;Wilga (21372);49 58 21;20 02 02;336.0
138;249201020;Ostrowsko;Dunajec (214);49 28 48;20 05 38;568.0
139;249201030;Dobra;Łososina (214734);49 43 39;20 16 24;427.0
140;249201050;Królówka;Stradomka (21388);49 53 14;20 26 00;291.0
141;249201060;Tylmanowa;Ochotnica (2141976);49 31 05;20 23 15;404.0
142;249210010;PILZNO;Wisłoka (218);49 59 14;21 18 30;195.0
143;249210030;TUCHÓW;Biała (2148);49 54 14;21 02 51;220.0
144;249210040;ŻARNOWA;Wisłok (226);49 52 40;21 48 59;220.0
145;249210070;BIECZ-GRUDNA;Ropa (2182);49 44 07;21 17 44;285
146;249210080;JASŁO;Jasiołka (2184);49 44 08;21 29 06;228.0
147;249210090;GORLICE;Sękówka (21826);49 39 19;21 10 16;300
148;249210120;NOWY ŻMIGRÓD;Wisłoka (218);49 36 42;21 32 00;300.0
149;249210130;Zboiska;Jasiołka (2184);49 34 39;21 41 45;320.0
150;249210140;DUKLA;Jasiołka (2184);49 34 01;21 40 50;385.0
151;249210150;IWONICZ-ZDRÓJ;Lubatówka (22632);49 34 02;21 47 18;425.0
152;249210160;ORZECHÓWKA;Wisłok (226);49 43 00;21 57 41;310.0
153;249210170;BARTNE;Sękówka (21826);49 33 31;21 20 44;540.0
154;249210180;KREMPNA;Wisłoka (218);49 30 57;21 29 22;380.0
155;249210190;WISŁOCZEK;Wisłok (226);49 30 03;21 51 56;520.0
156;249210210;PUŁAWY DOLNE;Wisłok (226);49 29 24;21 54 26;395.0
157;249210220;WYSZOWADKA;Wisłoka (218);49 27 14;21 25 15;506.0
158;249210230;WYSOWA;Ropa (2182);49 26 17;21 10 21;519
159;249210240;BARWINEK;Jasiołka (2184);49 25 52;21 41 05;465.0
160;249210250;JAŚLISKA;Jasiołka (2184);49 26 24;21 48 36;440
161;249210260;TYLICZ;Poprad (2142);49 23 32;21 00 32;585.0
162;249210270;WISŁOK WIELKI;Wisłok (226);49 22 43;21 59 57;540.0
163;249210280;Kunkowa;Przysłopianka (218232);49 33 00;21 07 29;413.0
164;249210340;Krempna;Wisłoka (218);49 30 59;21 29 03;380.0
165;249210350;Moszczaniec;Wisłok (226);49 25 20;21 54 46;467.0
166;249210370;Ropica Górna;Sękówka (21826);49 35 46;21 13 53;357.0
167;249210390;Uście Gorlickie;Ropa (2182);49 31 37;21 07 55;398.0
168;249210420;Smerekowiec;Zdynia (218234);49 30 19;21 14 02;451.0
169;249220010;KAŃCZUGA;Mleczka (2268);49 59 07;22 24 26;215.0
170;249220040;DYNÓW;San (22);49 50 07;22 14 06;249
171;249220060;BIRCZA;San (22);49 41 14;22 28 52;324.0
172;249220070;RYBOTYCZE;Wiar (224);49 39 16;22 38 24;289.0
173;249220080;SANOK-TREPCZA;San (22);49 35 05;22 11 07;307.0
174;249220110;NOWOTANIEC;Pielnica (22618);49 30 28;22 01 31;405.0
175;249220120;LESZCZOWATE;San (22);49 30 26;22 32 52;486.0
176;249220130;Brzegi Dolne;Strwiąż (76);49 26 36;22 37 16;438.0
177;249220140;SZCZAWNE;Osława (222);49 23 56;22 08 49;395.0
178;249220150;SOLINA-JAWOR;San (22);49 24 00;22 28 06;459
179;249220160;TELEŚNICA OSZWAROWA;San (22);49 22 49;22 31 52;449.0
180;249220170;BALIGRÓD-MCHAWA;Hoczewka (2218);49 21 14;22 17 01;430.0
181;249220180;KOMAŃCZA;Osława (222);49 20 21;22 03 48;478.0
182;249220190;SAKOWCZYK;San (22);49 18 53;22 26 51;561.0
183;249220210;TERKA;Solinka (2212);49 17 50;22 25 37;446.0
184;249220220;POLANA;Czarna (22132);49 18 12;22 34 36;458.0
185;249220230;LUTOWISKA;San (22);49 14 35;22 41 00;666.0
186;249220240;ŻUBRACZE;Solinka (22134);49 12 32;22 16 18;623.0
187;249220250;CISNA;Solinka (2212);49 12 46;22 19 52;549
188;249220260;DWERNIK;San (22);49 13 15;22 38 02;543.0
189;249220270;KALNICA;Wetlina (22126);49 11 50;22 25 27;577.0
190;249220280;STUPOSIANY;Wołosaty (22114);49 11 30;22 40 59;547.0
191;249220290;ROZTOKI GÓRNE;Solinka (22134);49 09 12;22 18 52;700.0
192;249220310;WETLINA;Wetlina (221346);49 08 41;22 28 19;708
193;249220320;POŁONINA WETLIŃSKA;Wetlina (221346);49 09 28;22 33 06;1226.0
194;249220330;TARNAWA  NIŻNA;San (22);49 07 29;22 47 29;708.0
195;249220340;WOŁOSATE;Wołosaty (22114);49 03 51;22 41 09;752.0
196;249220350;WYŻNIAŃSKI WIERCH;San (22);49 07 19;22 35 09;913.0
197;249220360;BUKOWIEC ;Solinka (2212);49 18 21;22 24 49;435.0
198;249220370;Zatwarnica;San (22);49 12 57;22 33 08;
199;250140010;Wyszków;Nysa Łużycka (174);50 58 03;14 59 35;330.0
200;250140020;Sieniawka;Nysa Łużycka (174);50 53 37;14 50 07;234.0
201;250140030;Bogatynia;Miedzianka (17416);50 53 59;14 58 50;290.0
202;250150030;Pobiedna;Łużyca (166324);50 57 07;15 18 31;409.0
203;250150050;Pilchowice;Bóbr (16);50 57 46;15 38 24;251.0
204;250150060;Rębiszów;Skitnica (166246);50 57 06;15 26 56;420
205;250150080;Stara Kamienica;Kamienica (1632);50 55 01;15 34 27;374.0
206;250150090;Świeradów-Zdrój;Kwisa (166);50 53 54;15 21 31;510
207;250150110;Kaczorów;Kaczawa (138);50 54 32;15 56 09;491.0
208;250150130;Ciechanowice;Bóbr (16);50 52 02;15 58 38;405
209;250150150;Szklarska Poręba;Kamieńczyk (1622);50 50 04;15 31 45;648.0
210;250150170;Jakuszyce;Kamienna (162);50 49 23;15 26 31;855.0
211;250150180;Jagniątków;Wrzosówka (1628);50 49 12;15 36 43;549.0
212;250150190;Kowary;Jedlica (16188);50 48 13;15 49 27;430
213;250150210;Przesieka;Podgórna (16288);50 47 56;15 40 02;646.0
214;250150220;Karpacz;Skałka (161844);50 46 44;15 46 10;567.0
215;250150240;Paczyn;Bachorzyna (161154);50 44 23;15 54 41;643.0
216;250150250;Paprotki;Bachorzyna (161154);50 43 36;15 56 53;543.0
217;250150260;Bukówka;Bóbr (16);50 42 46;15 57 26;511.0
218;250150340;Borowice;Kacza (162886);50 47 21;15 41 24;660.0
219;250150350;Podgórzyn;Podgórna (16288);50 49 32;15 41 15;385.0
220;250150510;Mirsk;Czarny Potok (16632);50 59 13;15 23 00;338.0
221;250150530;Świeradów-Zdrój II;Kwisa (166);50 54 21;15 19 32;595.0
222;250150540;Czernica;Biały Potok (16344);50 58 28;15 43 03;299.0
223;250150550;Szrenica;Bóbr (16);50 47 27;15 30 44;1327.0
224;250150560;Mała Kopa;Łomniczka (16184);50 44 37;15 43 34;1341.0
225;250150570;Mysłów;Mokrzyna (13812);50 55 57;15 58 59;464.0
226;250150580;Jarkowice;Bóbr (16);50 44 11;15 52 25;650.0
227;250150590;Niedamirów;Bóbr (16);50 41 28;15 52 14;685.0
228;250160010;Strzegom;Strzegomka (1348);50 57 50;16 22 35;211.0
229;250160030;Bolków;Nysa Szalona (1384);50 55 30;16 05 55;310
230;250160060;Sobótka;Czarna Woda (1346);50 54 08;16 45 34;156.0
231;250160070;Borów;Ślęza (1336);50 52 56;16 59 24;145
232;250160090;Pszenno;Piława (1344);50 51 41;16 31 43;223.0
233;250160120;Lubomin;Dopływ z Lubomina (134822);50 48 13;16 11 45;464.0
234;250160130;Szczawno-Zdrój;Szczawnik (134864);50 48 24;16 14 28;431.0
235;250160150;Kamienna Góra;Bóbr (16);50 47 34;16 02 10;464.0
236;250160170;Lubachów;Bystrzyca (134);50 45 50;16 25 43;305
237;250160190;Boguszów-Gorce;Lesk (1616);50 44 58;16 11 24;518.0
238;250160220;Jedlina-Zdrój;Jedlina (13416);50 43 07;16 20 57;436.0
239;250160260;Dzierżoniów;Piława (1344);50 44 36;16 37 27;252.0
240;250160270;Walim;Walimka (13418);50 42 10;16 26 21;489.0
241;250160290;Chełmsko Śląskie;Zadrna (1614);50 40 15;16 04 12;498.0
242;250160310;Mieroszów;Ścinawka (122);50 39 45;16 10 33;493.0
243;250160320;Ostroszowice;Jadkowa (12322);50 38 46;16 37 57;373.0
244;250160350;Srebrna Góra;Budzówka (1232);50 34 38;16 39 53;405.0
245;250160360;Tarnów;Budzówka (1232);50 34 31;16 47 34;296.0
246;250160410;Bardo;Nysa Kłodzka (12);50 30 33;16 44 39;321.0
247;250160450;Kudowa-Zdrój;Klikawa (946);50 26 17;16 13 19;364.0
248;250160480;Słoszów;Wapienny (12182);50 24 36;16 22 46;556.0
249;250160490;Polanica-Zdrój;Bystrzyca Dusznicka (1218);50 25 31;16 31 06;389.0
250;250160510;Ołdrzychowice Kłodzkie;Biała Lądecka (1216);50 21 24;16 44 05;349.0
251;250160520;Lądek-Zdrój;Biała Lądecka (1216);50 20 21;16 51 27;450.0
252;250160530;Zieleniec;Bystrzyca Dusznicka (1218);50 19 48;16 23 39;840.0
253;250160560;Stronie Śląskie;Biała Lądecka (1216);50 18 09;16 51 58;502.0
254;250160580;Spalona;Bystrzyca (1214);50 16 36;16 32 18;815.0
255;250160590;Długopole-Zdrój;Nysa Kłodzka (12);50 14 59;16 38 00;364.0
256;250160610;Bolesławów;Morawka (12162);50 15 17;16 53 27;602.0
257;250160620;Kamienica;Kamienica (121624);50 13 38;16 53 03;682.0
258;250160630;Międzygórze;Wilczka (1212);50 13 07;16 46 25;795.0
259;250160650;Międzylesie;Nysa Kłodzka (12);50 09 12;16 40 15;453.0
260;250160840;Szalejów Górny;Bystrzyca Dusznicka (1218);50 25 50;16 33 09;335.0
261;250160910;SREBRNA GÓRA II;Budzówka (1232);50 34 51;16 40 06;380.0
262;250160920;Piława Górna;Piława (1344);50 41 22;16 43 57;296.0
263;250160930;Karłów;Czerwona Woda (121848);50 28 27;16 20 13;753.0
264;250160940;Nowa Wieś;Nowinka (121146);50 11 52;16 44 42;555.0
265;250160950;Kwietniki;Nysa Mała (13846);50 58 01;16 08 34;256.0
266;250160960;Stary Gierałtów;Biała Lądecka (1216);50 18 36;16 55 03;535.0
267;250160970;Śnieżnik;Wilczka (1212);50 12 30;16 49 57;1218.0
268;250160980;Wolibórz;Ścinawka (122);50 35 26;16 34 41;518.0
269;250161020;ZIELENIEC II;Bystrzyca Dusznicka (1218);50 20 40;16 23 57;721.0
270;250161030;Rzeczka;Walimka (13418);50 40 36;16 26 51;624.0
271;250161040;Złoty Stok;Nysa Kłodzka (12);50 25 47;16 51 02;536.0
272;250161060;Łomnica;Bystrzyca (134);50 40 20;16 19 42;570.0
273;250161070;Jodłów;Nysa Kłodzka (12);50 10 22;16 46 16;828.0
274;250161080;Starkówek;Nysa Kłodzka (12);50 22 24;16 31 05;484.0
275;250161090;Wolbromek;Nysa Szalona (1384);50 55 47;16 07 38;290.0
276;250170110;Dobrogoszcz;Pluskawa (133646);50 45 31;17 01 02;175
277;250170250;Otmuchów;Nysa Kłodzka (12);50 28 20;17 09 59;212.0
278;250170290;Dziewiętlice;Świdna (12548);50 24 41;17 05 03;241.0
279;250170330;Głuchołazy;Biała Głuchołaska (1258);50 18 08;17 23 14;348.0
280;250170340;Jarnołtówek;Złoty Potok (117644);50 17 17;17 26 17;346.0
281;250170390;Głubczyce;Psina (1152);50 10 55;17 47 41;290.0
282;250170770;Unikowice;Nysa Kłodzka (12);50 26 33;17 00 31;248.0
283;250170790;Wojnowice;Troja (11526);50 08 01;17 52 06;283.0
284;250170810;Branice;Opawa (112);50 03 04;17 46 33;290.0
285;250170840;Meszno;Nysa Kłodzka (12);50 25 57;17 08 29;213.0
286;250170850;Kujawy;Osobłoga (1176);50 26 13;17 48 14;180.0
287;250170860;Przylesie;Oława (1334);50 46 56;17 20 59;164.0
288;250170870;Opole-WIK;Odra (1);50 40 52;17 54 04;149.0
289;250170880;Borek Strzeliński;Ślęza (1336);50 52 08;17 05 19;
290;250180110;Dobrodzień;Myślinka (118384);50 43 45;18 25 32;227.0
291;250180190;Krupski Młyn;Mała Panew (118);50 34 09;18 37 24;225.0
292;250180210;Zielona;Mała Panew (118);50 32 57;18 58 05;284.0
293;250180250;Brynica;Brynica (2126);50 28 18;18 59 56;283.0
294;250180270;Świerklaniec;Brynica (2126);50 25 44;18 56 33;285.0
295;250180330;Łabędy;Kłodnica (116);50 20 31;18 36 55;208.0
296;250180380;Sukowice;Cisek (11594);50 15 46;18 10 11;180.0
297;250180450;Zwonowice;Sumina (11568);50 08 34;18 26 16;260.0
298;250180530;Kietrz;Odra (1);50 04 56;18 00 37;220.0
299;250180540;Rydułtowy;Odra (1);50 03 01;18 25 46;295.0
300;250180560;Żory;Ruda (1156);50 03 13;18 41 47;245.0
301;250180580;Droniowice;Liswarta (1816);50 41 43;18 48 29;270.0
302;250180590;RYBNIK-STODOŁY;Ruda (1156);50 09 16;18 28 59;216.0
303;250180640;Zabrze;Kłodnica (116);50 21 54;18 45 13;270.0
304;250180650;Pławniowice;Kłodnica (116);50 22 35;18 28 56;218.0
305;250180660;Ruda Śląska;Kłodnica (116);50 14 49;18 49 12;236.0
306;250180670;Trzebiszyn;Budkowiczanka (1328);50 51 54;18 11 27;196.0
307;250180680;Czerwionka-Leszczyny;Bierawka (1158);50 09 16;18 39 49;246.0
308;250180690;Pilchowice;Bierawka (1158);50 13 27;18 35 31;221.0
309;250180710;Boguszyce;Kłodnica (116);50 26 13;18 30 37;211.0
310;250180720;Modzurów;Odra (1);50 09 38;18 08 20;244.0
311;250180730;Bierawa;Odra (1);50 16 56;18 14 41;178.0
312;250180740;Sierakowice;Odra (1);50 15 56;18 25 53;203.0
313;250180750;Wąsice;Stobrawa (132);50 59 06;18 01 47;169.0
314;250180760;Strzelce Opolskie;Mała Panew (118);50 31 04;18 18 40;229.0
315;250180770;Sieroniowice;Kłodnica (116);50 27 01;18 21 33;263.0
316;250180780;Świerklany;Olza (114);50 00 44;18 35 09;285.0
317;250180790;Sowczyce;Potok Sowczycki (1816364);50 50 53;18 29 11;233.0
318;250190010;Januszewice;Czarna (Włoszczowska) (2542);50 56 31;19 57 40;220.0
319;250190030;Silniczka;Pilica (254);50 55 19;19 45 32;215.0
320;250190080;Wąsosz;Pilica (254);50 44 15;19 41 09;230.0
321;250190140;Żarki;Warta (18);50 38 24;19 22 49;380.0
322;250190150;BONOWICE;Pilica (254);50 37 16;19 47 37;260.0
323;250190160;Lgota Górna;Warta (18);50 36 03;19 14 07;320.0
324;250190170;Kręciwilk;Warta (18);50 32 43;19 22 13;307.0
325;250190180;PIWOŃ;Przemsza (212);50 28 59;19 15 04;295.0
326;250190210;Pilica;Pilica (254);50 27 35;19 38 49;351.0
327;250190220;Łazy;Przemsza (212);50 25 52;19 23 02;350
328;250190260;Golczowice;Biała Przemsza (2128);50 21 36;19 35 45;324.0
329;250190290;OLEWIN;Biała Przemsza (2128);50 16 37;19 36 13;398
330;250190310;Maczki;Biała Przemsza (2128);50 15 31;19 15 46;265.0
331;250190380;Bieruń Stary;Mleczna (21188);50 05 03;19 05 41;255.0
332;250190390;Kraków - Obserwatorium;Wisła (2);50 03 50;19 57 31;204.0
333;250190470;WOLA JUSTOWSKA;Rudawa (2136);50 03 50;19 53 25;204.0
334;250190510;Piwoń;Przemsza (212);50 29 04;19 14 42;300.0
335;250190520;TYCHY;Gostynia (2118);50 07 55;19 00 04;255.0
336;250190530;Katowice Pyrzowice;Brynica (2126);50 28 38;19 05 42;301.0
337;250190780;Będkowice;Rudawa (2136);50 10 45;19 46 10;434.0
338;250190790;Chrzanów;Wisła (2);50 06 45;19 22 36;252.0
339;250190810;Lubsza;Mała Panew (118);50 36 35;19 00 15;335.0
340;250190820;Dąbrowa Górnicza;Przemsza (212);50 24 08;19 15 52;321.0
341;250190830;Mysłów;Dopływ spod Mysłowa (1811342);50 34 22;19 12 54;322.0
342;250190840;Rokitno Szlacheckie;Przemsza (212);50 26 07;19 25 52;343.0
343;250190850;TROKS;Biała Przemsza (2128);50 18 14;19 38 09;411.0
344;250190860;Wywła;Pilica (254);50 36 56;19 55 31;282.0
345;250190880;Sułoszowa;Prądnik (21374);50 15 30;19 44 24;442.0
346;250190920;Koryczany;Pilica (254);50 29 22;19 56 05;323.0
347;250200010;BARTKÓW;Bobrza (216482);50 58 43;20 38 59;330
348;250200040;Bodzentyn;Świślina (2348);50 56 49;20 57 05;270.0
349;250200050;RYKOSZYN;Wierna Rzeka (2162);50 51 56;20 24 42;274.0
350;250200110;CISÓW;Czarna (2178);50 45 31;20 54 10;326.0
351;250200130;KLISZÓW;Nida (216);50 36 45;20 31 29;206.0
352;250200210;MIECHÓW;Szreniawa (21392);50 21 46;20 01 58;299.0
353;250200220;SIELEC;Nidzica (21398);50 19 07;20 25 14;200
354;250200230;BORUSOWA;Wisła (2);50 16 40;20 47 13;171.0
355;250200250;RADZIEMICE;Szreniawa (21392);50 15 12;20 13 51;240.0
356;250200280;IGOŁOMIA;Wisła (2);50 05 37;20 15 23;202
357;250200290;BORZĘCIN;Uszwica (21396);50 03 57;20 42 36;192.0
358;250200360;DĄBROWA TARNOWSKA;Breń (2174);50 11 10;20 59 28;197.0
359;250200370;KONIECZNO;Nida (216);50 47 39;20 02 03;268.0
360;250200380;BIELINY PODUCHOWNE;Czarna Nida (2164);50 50 58;20 57 32;321.0
361;250200490;Kokotów;Wisła (2);50 01 18;20 04 15;
362;250200520;Dobrowoda;Nida (216);50 23 40;20 45 56;208.0
363;250200550;Brończyce;Szreniawa (21392);50 14 00;20 06 12;256.0
364;250210020;Nosów;Pokrzywianka (23484);50 55 09;21 13 09;265.0
365;250210030;Annopol;Wisła (2);50 53 22;21 50 03;165.0
366;250210040;SŁUPIA NOWA;Pokrzywianka (23484);50 51 51;21 05 00;290.0
367;250210050;Święty Krzyż;Pokrzywianka (23484);50 51 34;21 03 05;575.0
368;250210070;BARANÓWEK;Koprzywianka (2194);50 46 12;21 15 28;283.0
369;250210080;SADKÓW;Czarna (2178);50 44 12;21 04 38;365
370;250210090;JASTRZĘBSKA WOLA;Łagowica (217832);50 43 29;21 11 13;263.0
371;250210110;RAKÓW;Czarna (2178);50 40 18;21 02 55;220
372;250210120;KLIMONTÓW;Koprzywianka (2194);50 39 12;21 27 01;203.0
373;250210130;STASZÓW;Czarna (2178);50 35 42;21 11 06;219.0
374;250210160;MAJDAN KRÓLEWSKI;Łęg (2198);50 22 00;21 45 07;200.0
375;250210170;WILCZA WOLA;Łęg (2198);50 20 29;21 55 55;190.0
376;250210180;CHORZELÓW;Wisła (2);50 20 53;21 26 39;170.0
377;250210210;MIELEC;Wisłoka (218);50 16 46;21 25 58;170.0
378;250210220;KOLBUSZOWA;Łęg (2198);50 15 44;21 44 45;200.0
379;250210230;RADOMYŚL WIELKI;Breń (2174);50 11 59;21 16 11;190.0
380;250210240;ZAWADA;Brzeźnica (2188);50 03 50;21 29 36;200.0
381;250210260;SĘDZISZÓW MAŁOPOLSKI;Brzeźnica (2188);50 04 41;21 42 13;210.0
382;250210280;Wola Raniżowska;Łęg (2198);50 18 04;21 59 32;195.0
383;250210290;Łubnice;Wisła (2);50 23 49;21 09 17;162.0
384;250210330;Klimontów;Koprzywianka (2194);50 39 09;21 27 49;210.0
385;250220020;Zakrzówek;Bystrzyca (246);50 55 46;22 22 21;270.0
386;250220030;Wysokie;Pór (24174);50 55 04;22 40 01;260.0
387;250220050;Zakłodzie;Pór (24174);50 45 27;22 51 41;205.0
388;250220080;FRAMPOL;Bukowa (2294);50 40 30;22 39 58;243.0
389;250220120;JAROCIN;Bukowa (2294);50 34 07;22 18 24;183.0
390;250220130;BRODZIAKI;Łada (2286);50 30 24;22 47 24;201.0
391;250220140;Tarnogróg;Tanew (228);50 21 24;22 45 24;237.0
392;250220210;JAROSŁAW;San (22);50 01 06;22 41 47;181.0
393;250220220;Jarosław;San (22);50 01 16;22 42 09;180.0
394;250220230;Piwoda;San (22);50 04 35;22 45 18;183.0
395;250220240;Bukownica;Łada (2286);50 33 38;22 50 48;235.0
396;250220250;Piskorowice;San (22);50 14 44;22 31 01;171.0
397;250230020;Nielisz;Wieprz (24);50 48 18;23 02 19;200.0
398;250230060;Józefów;Tanew (228);50 29 15;23 03 30;257.0
399;250230070;Tomaszów Lubelski;Bug (26714);50 27 29;23 23 56;270.0
400;250230130;FUTORY;Lubaczówka (2256);50 11 48;23 02 47;239.0
401;250230140;WIELKIE OCZY;Szkło (2254);50 01 04;23 09 30;236.0
402;250230160;CIESZANÓW;Tanew (228);50 14 01;23 07 05;217.0
403;250230170;Jędrzejówka;Tanew (228);50 19 47;23 20 34;285.0
404;250230180;Grabowiec Góra;Wolica (2432);50 48 45;23 34 12;268.0
405;250230190;Kolonia Nowosiółki;Huczwa (267142);50 32 30;23 54 58;248.0
406;250240010;Strzyżów;Bug (266);50 50 24;24 02 08;181.0
407;250240070;Gołębie;Bug (26714);50 38 05;24 04 59;204.0
408;251140060;Sobolice;Nysa Łużycka (174);51 23 18;14 58 30;150.0
409;251140110;Sanice;Nysa Łużycka (174);51 24 22;14 58 33;150.0
410;251150030;Nowogród Bobrzański;Bóbr (16);51 47 58;15 15 11;102.0
411;251150080;Grabik;Czarna (164382);51 39 09;15 06 41;166.0
412;251150110;Żagań;Bóbr (16);51 38 59;15 17 37;96.0
413;251150130;Łozy;Kwisa (166);51 29 22;15 22 01;128.0
414;251150180;Tomaszów Bolesławiecki;Bobrzyca (1638);51 16 35;15 40 39;186.0
415;251150220;Nowogrodziec;Kwisa (166);51 11 44;15 23 43;206.0
416;251150280;Twardocice;Gajowa (138664);51 05 26;15 44 51;253.0
417;251150290;Sulików;Czerwona Woda (1744);51 04 37;15 03 54;214.0
418;251150320;Bierna;Czerwona Woda (1744);51 02 20;15 06 59;265.0
419;251150340;Gryfów Śląski;Kwisa (166);51 01 36;15 24 34;312.0
420;251150350;Lubomierz;Oldza (1664);51 00 55;15 30 10;365.0
421;251150360;Świerzawa;Kaczawa (138);51 01 01;15 53 20;299.0
422;251150390;Złotniki Lubańskie;Zb. Złotniki (166513);51 00 50;15 20 26;360
423;251150410;ŚWIERZAWA;Kaczawa (138);51 01 01;15 53 20;260.0
424;251150420;STANKOWICE;Kwisa (166);51 01 00;15 18 49;335.0
425;251150430;Białków;Lubsza (1748);51 46 37;15 01 18;85.0
426;251150440;Siecieborzyce;Bóbr (16);51 39 56;15 32 13;150.0
427;251150450;Pieńsk;Nysa Łużycka (174);51 15 36;15 02 25;164.0
428;251150470;Miedziana;Czerwona Woda (1744);51 01 15;15 06 59;295.0
429;251160110;Osetno;Barycz (14);51 37 55;16 27 51;87.0
430;251160150;POLKOWICE DOLNE;Mokrzyca (16418);51 30 02;16 03 22;160.0
431;251160170;Chwałkowice;Rudawka (145444);51 26 54;16 36 47;178.0
432;251160190;LUBIN;Zimnica (1392);51 24 43;16 13 01;131.0
433;251160220;Oborniki Śląskie;Odra (1);51 17 22;16 55 50;160.0
434;251160290;Jawor;Nysa Szalona (1384);51 03 48;16 11 01;188.0
435;251160320;RADZYŃ;Obrzyca (156);51 52 21;16 02 16;60.0
436;251160360;GŁOGÓW;Odra (1);51 40 21;16 03 36;75.0
437;251160420;Pysząca;Odra (1);51 15 23;16 40 47;110.0
438;251170030;Witaszyce;Lutynia (1852);51 56 44;17 33 12;130
439;251170090;Smolice;Rdęca (1464);51 41 39;17 10 47;105.0
440;251170140;Milicz;Barycz (14);51 30 40;17 16 38;118.0
441;251170210;Trzebnica;Kanał Trzebnicki (14428);51 19 22;17 04 05;155.0
442;251170270;Bierutów;Widawa (136);51 07 08;17 32 41;141.0
443;251170290;Namysłów;Widawa (136);51 03 57;17 42 57;152.0
444;251170360;Ostrów Wielkopolski;Ołobok (1844);51 39 39;17 52 24;123.0
445;251170380;WOLA KSIĄŻĘCA;Lutynia (1852);51 57 41;17 35 21;118.0
446;251170430;OSTRZESZÓW II;Dąbrówka (1412);51 26 04;17 54 56;186.0
447;251170440;Drołtowice;Widawa (136);51 20 06;17 35 46;200.0
448;251180020;Zbiersk;Czarna Struga (183566);51 56 36;18 09 01;125
449;251180040;Poddębice;Ner (1832);51 53 08;18 57 35;130.0
450;251180050;Lisków;Swędrnia (18482);51 50 07;18 24 36;147.0
451;251180090;Sieradz;Warta (18);51 35 35;18 41 14;140
452;251180140;Złoczew;Oleśnica (1818);51 25 16;18 35 57;175
453;251180150;Mirków;Prosna (184);51 18 37;18 08 47;156
454;251180160;Osjaków;Warta (18);51 16 59;18 47 01;156
455;251180190;Siemianice;Prosna (184);51 10 58;18 08 35;180
456;251180240;Jastrzygowice;Prosna (184);51 00 04;18 27 25;202
457;251180310;Kiełczygłów;Nieciecz (18292);51 14 14;18 59 06;175.0
458;251180320;Kraszewice;Łużyca (18438);51 31 49;18 12 17;131.0
459;251180330;Działoszyn;Warta (18);51 07 12;18 52 26;191.0
460;251180350;SIERADZ-DZIGORZEW;Warta (18);51 37 27;18 42 17;128.0
461;251190140;Plucice;Luciąża (25452);51 12 13;19 36 07;204.0
462;251190150;Dobryszyce;Widawka (182);51 08 20;19 25 42;259.0
463;251190160;Przedbórz;Pilica (254);51 05 26;19 52 31;190.0
464;251190190;Łask;Grabia (1828);51 35 08;19 10 43;189
465;251190210;Szczerców;Widawka (182);51 20 27;19 07 09;160.0
466;251190220;Dobryszyce II;Widawka (182);51 08 51;19 24 30;216.0
467;251190230;Jarosty;Luciąża (25452);51 27 45;19 41 31;197.0
468;251190240;Wierzbowa;Ner (1832);51 59 12;19 04 46;111.0
469;251190250;Bełchatów;Widawka (182);51 22 47;19 23 49;207.0
470;251200030;Skierniewice;Bzura (272);51 57 55;20 09 37;128.0
471;251200080;Białobrzegi;Pilica (254);51 38 54;20 56 25;116.0
472;251200130;Opoczno;Drzewiczka (2548);51 22 44;20 14 04;200.0
473;251200140;Ruszkowice;Radomka (252);51 20 21;20 39 57;210.0
474;251200150;Łaziska;Radomka (252);51 19 26;20 55 33;180.0
475;251200170;Chełsty;Czarna (Maleniecka) (2544);51 12 57;20 08 55;220.0
476;251200220;Włochów;Czarna (2544);51 05 56;20 36 44;345.0
477;251200240;Stanowiska;Czarna (Maleniecka) (2544);51 02 31;20 22 17;305.0
478;251200250;Suchedniów;Kamienna (234);51 02 59;20 49 50;265
479;251200270;Dąbrówka Stara;Pilica (254);51 46 49;20 44 13;174.0
480;251200290;Teofilów;Pilica (254);51 31 41;20 10 58;150.0
481;251200320;Mszczonów;Bzura (272);51 59 03;20 29 50;161.0
482;251210040;JARCZEW;Wilga (2536);51 48 53;21 58 24;180.0
483;251210120;PUŁAWY;Wisła (2);51 24 46;21 57 58;142.0
484;251210230;Starachowice;Kamienna (234);51 02 30;21 03 21;265.0
485;251210240;Brody Iłżeckie;Kamienna (234);51 01 07;21 11 49;190.0
486;251210320;Kazanów;Iłżanka (236);51 16 42;21 28 03;158.0
487;251220040;Radzyń Podlaski;Tyśmienica (248);51 46 09;22 36 03;150.0
488;251220230;Ostrówek-Kolonia;Tyśmienica (248);51 35 37;22 36 01;
489;251220240;Zadworze;Wyżnica (2336);51 00 55;22 13 50;254.0
490;251220250;Ostrów Lubelski;Tyśmienica (248);51 29 46;22 52 11;157.0
491;251220260;Turze Rogi;Krzna (267144);51 55 37;22 27 50;159.0
492;251230120;Bezek;Wieprz (24);51 10 38;23 15 49;224.0
493;251230220;Depułtycze Królewskie;Uherka (2671434);51 04 59;23 26 10;216.0
494;251230240;Studzianka;Zielawa (2671448);51 55 54;23 12 53;143.0
495;252140070;Boleszkowice;Dopływ z Boleszkowic (191298);52 43 37;14 34 00;50.0
496;252140090;Kostrzyn Nad Odrą;Maszówek (1894);52 35 55;14 39 40;26.0
497;252140150;Maszewo;Odra (1);52 04 11;14 55 08;68.0
498;252140160;Trzcińsko-Zdrój;Rurzyca (1886592);52 57 52;14 35 17;53.0
499;252140210;Boczów;Rzepia (1786);52 19 01;14 56 19;79.0
500;252140220;Chojna;Rurzyca (1918);52 56 27;14 24 15;49.0
501;252150050;Krzyż;Noteć (188);52 52 52;15 59 01;34.0
502;252150070;Drezdenko;Noteć (188);52 51 17;15 50 28;31.0
503;252150180;Lubinicko-Świebodzin;Obrzyca (156);52 14 34;15 32 43;88.0
504;252150270;BABIMOST;Gniła Obra (1568);52 08 37;15 48 12;57.0
505;252150350;Kleszczewo;Obra (1878);52 27 21;15 23 23;93.0
506;252150360;Wityń;Obrzyca (156);52 16 03;15 36 40;76.0
507;252160050;Ryczywół;Wełna (186);52 48 57;16 50 20;70
508;252160110;Szamotuły-Baborówka;Sama (1872);52 35 04;16 38 17;74.0
509;252160160;Paproć;Obra (1878);52 18 16;16 10 59;77.0
510;252160230;Wielichowo;Obra (1878);52 06 50;16 21 23;65.0
511;252160350;Kopaszewo;Kanał Mosiński (1856);52 00 12;16 49 06;91.0
512;252160370;Wronki;Warta (18);52 41 33;16 22 23;70.0
513;252170060;Janowiec Wielkopolski;Wełna (186);52 45 17;17 27 44;95
514;252170110;Gniezno;Wełna (186);52 33 27;17 31 55;170.0
515;252170180;Września;Wrześnica (1838);52 18 54;17 35 33;105
516;252170190;SŁUPCA;Warta (18);52 16 19;17 53 00;89.0
517;252170210;Kórnik;Warta (18);52 14 43;17 06 07;77.0
518;252170330;Nowa Wieś Podgórna;Warta (18);52 08 32;17 35 21;73.0
519;252170390;Gniezno II;Wełna (186);52 31 25;17 37 49;117.0
520;252170410;Mogilno;Noteć Zachodnia (1882);52 38 40;17 58 00;95.0
521;252170420;Rogowo;Wełna (186);52 43 57;17 38 36;94.0
522;252180060;Pakość;Noteć (188);52 47 58;18 05 33;76.0
523;252180080;Kołuda Wielka;Noteć (188);52 44 09;18 08 56;88.0
524;252180210;Kłodawa;Rgilewka (18332);52 15 03;18 54 57;117
525;252180260;Turek;Kiełbaska (18334);52 00 37;18 29 54;115
526;252180290;Tuliszków ;Powa (18352);52 04 04;18 16 07;111.0
527;252180310;RADOSZEWICE;Noteć (188);52 21 43;18 42 22;110.0
528;252180370;Kleczew;Struga Kleczewska (183459272);52 23 13;18 10 14;98.0
529;252180380;Rakowo;Noteć (188);52 29 50;18 17 19;103.0
530;252190030;GŁODOWO;Mień (2794);52 49 50;19 14 08;104.0
531;252190120;Żychlin;Bzura (272);52 14 34;19 37 23;97.0
532;252190160;Walewice;Bzura (272);52 06 10;19 39 56;95.0
533;252190190;Lutocin;Skrwa (2756);52 59 05;19 45 04;129.0
534;252190230;Poddębice;Zgłowiączka (278);52 33 13;19 00 33;91.0
535;252190240;Trębki;Bzura (272);52 19 13;19 32 26;105.0
536;252200080;BORKOWO;Wkra (268);52 33 43;20 39 37;85.0
537;252200120;LEGIONOWO;Wisła (2);52 24 28;20 57 22;94.0
538;252200150;Warszawa-Bielany;Wisła (2);52 16 53;20 57 48;98.0
539;252200290;Kampinos;Bzura (272);52 16 08;20 28 21;87.0
540;252200350;Nacpolsk;Płonka (26876);52 30 51;20 15 05;126.0
541;252210020;CZARNOWO;Orz (2656);52 52 55;21 32 06;94.0
542;252210050;PUŁTUSK;Narew (26);52 43 39;21 05 25;95.0
543;252210240;Wielgolas;Świder (256);52 02 14;21 43 26;150.0
544;252210290;Rybienko;Bug (266);52 34 40;21 25 45;93.0
545;252210320;Kozły;Bug (26714);52 27 08;21 24 33;107.0
546;252210330;Rząśnik Włościański;Narew (26);52 50 59;21 43 14;120.0
547;252220050;BRAŃSK;Nurzec (2666);52 44 31;22 49 35;125.0
548;252220120;TONKIELE;Bug (266);52 24 44;22 33 55;115.0
549;252220210;Wierzbowo Nowe;Narew (26);52 59 04;22 19 27;130.0
550;252220220;Tołwin;Bug (26714);52 29 57;22 57 04;175.0
551;252220230;Andrzejewo;Brok (2671476);52 49 24;22 11 07;117.0
552;252230010;NOWOSADY;Kołonna (2611316);52 58 21;23 52 44;160
553;252230030;BONDARY;Narew (26);52 56 15;23 45 16;147.0
554;252230040;NAREW;Narew (26);52 54 53;23 31 09;139.0
555;252230060;NAREWKA;Narewka (2612);52 52 18;23 43 41;143
556;252230080;NOWE MASIEWO;Narew (26);52 50 02;23 53 50;150
557;252230090;CHRABOŁY;Orlanka (2614);52 51 44;23 11 44;127
558;252230110;HAJNÓWKA;Leśna (26652);52 43 57;23 33 37;163.0
559;252230120;BIAŁOWIEŻA;Narewka (2612);52 42 26;23 50 52;163.0
560;252230150;Kleszczele;Nurzec (267146);52 34 20;23 19 10;160.0
561;252230190;CICIBÓR;Krzna (2664);52 04 37;23 06 34;144.0
562;252230230;NAREW;Narew (26);52 55 00;23 31 22;134.0
563;252230240;NAREWKA;Narewka (2612);52 51 49;23 43 30;143.0
564;252230250;ZAMOSZE;Narewka (2612);52 48 55;23 54 46;157.0
565;252230280;Jagodniki;Orlanka (2614);52 41 50;23 29 21;156.0
566;252230290;Bolesty;Nurzec (267146);52 44 12;23 05 27;156.0
567;253140010;Wolin;Cieśnina Dziwna (35);53 50 15;14 36 57;2.0
568;253140040;Trzebież;Zalew Szczeciński (319);53 39 47;14 30 50;1
569;253140060;Goleniów;Ina (198);53 35 38;14 53 18;34
570;253140110;Gryfino;Odra (Regalica) (19751);53 15 25;14 29 04;3.0
571;253150010;Starnin;;53 57 57;15 27 24;36.0
572;253150020;Witno;Cieśnina Dziwna (35);53 56 40;15 03 47;20.0
573;253150070;Łabędzie;Rega (42);53 39 02;15 48 33;100
574;253150130;Lisowo;Krąpiel (1988);53 25 51;15 18 05;95
575;253150190;PRZELEWICE;Płonia (1976);53 06 15;15 04 56;65.0
576;253150250;Drawno;Drawa (1888);53 12 47;15 46 12;76.0
577;253150290;Łopianów;Rega (42);53 52 32;15 15 41;32.0
578;253150310;Niedźwiedziska;Cieśnina Dziwna (35);53 56 58;15 04 41;20.0
579;253150320;Lubiana;Mała Ina (1986);53 06 16;15 19 24;68.0
580;253150330;Słonowice;Rega (42);53 43 01;15 43 05;105.0
581;253150340;Międzyrzecze;Rega (42);53 52 19;15 34 06;59.0
582;253150350;Radowo Małe;Rega (42);53 40 06;15 27 08;93.0
583;253150360;Kinowo;Rega (42);53 58 30;15 27 05;32.0
584;253160010;Sępolno Wielkie;Biała (188624);53 56 51;16 46 25;165
585;253160020;Osówko;Parsęta (44);53 54 20;16 04 05;55
586;253160040;Grzmiąca;Parsęta (44);53 50 09;16 26 21;100.0
587;253160090;WIERZCHOWO;Drawa (1888);53 27 36;16 06 16;137.0
588;253160110;Jastrowie;Gwda (1886);53 25 32;16 48 50;111
589;253160240;Barwice;Parsęta (44);53 45 11;16 21 14;133.0
590;253160260;Wicewo;Parsęta (44);53 53 15;16 07 25;47.0
591;253170030;RÓŻKI-DĘBIE;Brda (292);53 53 28;17 08 53;155.0
592;253170060;Zapędowo;Brda (292);53 42 15;17 50 25;125
593;253170160;Sypniewo;Łobżonka (1884);53 21 52;17 19 49;128.0
594;253170210;Chrząstowo;Noteć (188);53 09 40;17 35 01;105.0
595;253170320;Lipa;Noteć (188);53 03 02;17 15 28;62.0
596;253170330;Sitowiec;Krówka (29276);53 22 08;17 45 15;134.0
597;253170340;Iwno;Dopływ z Łankowic (188528);53 01 36;17 25 05;111.0
598;253170350;Czyczkowy;Wda (294);53 51 39;17 44 00;137.0
599;253170360;Pruszcz;Brda (292);53 26 47;17 49 32;124.0
600;253170370;Upiłka;Brda (292);53 56 49;17 56 49;141.0
601;253180020;RADOSTOWO;Wisła (2);53 59 22;18 44 50;40.0
602;253180040;Starogard Gdański;Wierzyca (298);53 58 56;18 32 56;85.0
603;253180060;Czarna Woda;Wda (294);53 50 26;18 05 34;125.0
604;253180090;Śliwice;Wda (294);53 42 17;18 10 33;119.0
605;253180150;Grudziądz;Wisła (2);53 26 15;18 42 34;25.0
606;253180160;Radzyń-Fijewo;Radzyńska Struga (296692);53 22 58;18 56 49;104.0
607;253180170;Nowy Jasiniec;Brda (292);53 20 54;18 02 14;90.0
608;253180220;Bydgoszcz;Brda (292);53 10 25;18 02 45;55
609;253180260;Lubiewo;Brda (292);53 27 50;18 01 30;116.0
610;253180270;Skórcz-Ryzowie;Wierzyca (298);53 47 18;18 32 13;85.0
611;253180280;Brzozowo;Wisła (2);53 18 44;18 25 29;85.0
612;253190030;Dobrocin;Drwęca (28);53 54 30;19 49 41;118.0
613;253190070;Prabuty;Nogat (52);53 44 22;19 12 54;100
614;253190220;LIDZBARK;Wel (286);53 15 16;19 49 27;140.0
615;253190260;OSTROWITE;Drwęca (28);53 25 12;19 16 27;101.0
616;253190310;Kuligi;Wel (286);53 25 51;19 41 28;96.0
617;253190360;Najmowo;Osa (296);53 18 30;19 19 36;104.0
618;253190370;Bągart;Elbląg (54);53 59 30;19 23 04;0.0
619;253190380;Lubstyn;Drwęca (28);53 31 39;19 50 44;200.0
620;253200040;Gietrzwałd;Pasłęka (56);53 45 05;20 14 41;107.0
621;253200080;Jemiołowo;Pasłęka (56);53 33 42;20 17 58;175.0
622;253200140;Wielbark;Sawica (26542);53 24 22;20 56 14;127.0
623;253200290;Bagienice;Orzyc (2658);53 15 18;20 51 29;130.0
624;253200310;Przasnysz;Orzyc (2658);53 00 44;20 55 53;120.0
625;253210130;SZCZYTNO;Omulew (2654);53 34 37;21 00 44;160
626;253210170;ROZOGI;Szkwa (26518);53 29 29;21 22 46;130.0
627;253210180;PTAKI;Pisa (264);53 23 26;21 47 41;112.0
628;253210210;MYSZYNIEC;Rozoga (2652);53 23 04;21 21 01;120.0
629;253210220;DOBRYLAS;Pisa (264);53 17 47;21 49 38;104.0
630;253210260;ZARUZIE;Ruż (26516);53 08 51;21 48 09;87.0
631;253210280;DOBRYLAS;Pisa (264);53 17 07;21 51 53;102.0
632;253210290;PTAKI;Pisa (264);53 23 35;21 47 30;107.0
633;253210350;TYSZKI-WĄDOŁOWO;Skroda (26498);53 26 52;21 59 03;152.0
634;253210370;ŚWIĘTAJNO;Szkwa (26518);53 33 49;21 13 41;142.0
635;253210380;Turowo;Pisa (264);53 31 43;21 54 06;141.0
636;253210390;Mikosze-Osada;Orzysza (26458);53 48 58;21 54 28;124.0
637;253210410;Targowo;Krutynia (264326);53 41 43;21 01 43;165.0
638;253220070;BIEBRZA;Ełk (2628);53 39 02;22 34 42;115
639;253220080;DĘBOWO;Biebrza (262);53 36 38;22 55 50;115
640;253220120;OSOWIEC;Biebrza (262);53 28 57;22 38 45;110.0
641;253220130;RADZIŁÓW;Wissa (26296);53 24 50;22 24 19;115
642;253220160;BURZYN;Biebrza (262);53 16 43;22 27 15;120.0
643;253220210;TYKOCIN;Narew (26);53 12 16;22 46 14;109.0
644;253220220;ZAWADY;Ślina (26194);53 09 25;22 40 24;110.0
645;253220270;JABŁONOWO-WYPYCHY;Narew (26);53 01 47;22 45 01;130
646;253220310;MOŃKI;Nereśl (2618);53 24 01;22 47 47;175.0
647;253220330;MARIANOWO II;Narew (26);53 12 43;22 06 21;138.0
648;253220360;Biernatki;Netta (2622);53 52 04;22 51 12;136.0
649;253220370;Sawino;Narew (26);53 10 08;22 51 53;118.0
650;253230020;RÓŻANYSTOK;Sidra (26214);53 38 07;23 24 05;160
651;253230030;JANÓW;Brzozówka (2624);53 27 35;23 13 46;161.0
652;253230060;JAŁÓWKA;Sokołda (26162);53 21 14;23 20 26;170.0
653;253230110;FASTY;Supraśl (2616);53 10 39;23 01 33;114.0
654;253230160;SUPRAŚL;Supraśl (2616);53 12 39;23 19 57;137.0
655;253230170;NOWOSIÓŁKI;Supraśl (2616);53 10 30;23 31 35;132
656;253230180;Drahle;Sokołda (26162);53 23 08;23 33 18;162.0
657;253230230;Zarzeczany;Supraśl (2616);53 06 06;23 41 04;146.0
658;253230250;Śluza Tartak;Czarna Hańcza (64);53 52 57;23 27 42;108.0
659;254140010;Dziwnów;Morze Bałtyckie (0);54 01 20;14 43 54;3.0
660;254150050;Białogard;Parsęta (44);54 00 15;15 58 30;23.0
661;254150060;Gąski;Czerwona (454);54 14 17;15 55 02;8.0
662;254160020;Darłowo;Wieprza (46);54 25 60;16 22 06;12.0
663;254160030;Sławno;Wieprza (46);54 21 06;16 40 13;25.0
664;254160040;Jeżyczki;Wieprza (46);54 20 05;16 23 26;10.0
665;254160060;Sierakowo;Wieprza (46);54 12 59;16 30 59;50.0
666;254160080;Polanów;Wieprza (46);54 07 07;16 40 59;80.0
667;254160110;Miastko;Wieprza (46);54 00 56;16 58 49;160
668;254160130;Ciecholub;Wieprza (46);54 10 22;16 52 28;115.0
669;254160140;Kłanino;Parsęta (44);54 01 39;16 28 70;114.0
670;254160150;Mokre;Ząbrza (456182);54 10 13;16 24 06;76.0
671;254170020;Smołdzino;Łupawa (474);54 40 02;17 12 06;4.0
672;254170040;Karżniczka;Łupawa (474);54 29 15;17 13 43;75.0
673;254170060;Mikorowo;Łeba (476);54 24 30;17 34 50;117.0
674;254170070;Bukowina;Łupawa (474);54 25 20;17 50 36;155.0
675;254170130;Niezabyszewo;Słupia (472);54 08 18;17 25 24;160
676;254170140;Kościerzyna;Wierzyca (298);54 07 43;17 57 43;190.0
677;254170190;Słupsk;Słupia (472);54 27 48;17 02 08;17.0
678;254170210;Borucino;Radunia (4868);54 15 13;17 59 30;
679;254170280;Struszewo;Słupia (472);54 10 44;17 21 26;131.0
680;254170310;Objezierze;Słupia (472);54 18 01;17 04 04;142.0
681;254170320;Jasień;Łupawa (474);54 17 08;17 38 13;151.0
682;254170330;Tuchomko;Słupia (472);54 07 53;17 22 06;
683;254180010;Rozewie;Bałtyk (0);54 49 46;18 20 08;54
684;254180050;Wejherowo;Reda (478);54 35 54;18 16 13;22.0
685;254180060;Gdynia;Bałtyk (0);54 31 08;18 33 34;2
686;254180070;Tępcz;Łeba (476);54 30 27;18 02 20;178.0
687;254180090;Gdańsk-Rębiechowo;Morze Bałtyckie (0);54 22 16;18 29 12;146.0
688;254180130;Goręczyno;Radunia (4868);54 15 43;18 09 45;177.0
689;254180140;Ostrzyce-Brodnica Górna;Radunia (4868);54 16 28;18 05 29;213.0
690;254180260;Gdańsk-Port Północny;Bałtyk (0);54 23 59;18 41 52;2.0
691;254180270;Zelewo;Reda (478);54 37 23;18 04 31;43.0
692;254180280;Szemud;Reda (478);54 29 35;18 12 49;154.0
693;254180290;Szymankowo;Święta (1974398);54 04 27;18 55 53;3.0
694;254190020;Nowa Pasłęka;Zalew Wiślany (5119);54 25 34;19 44 49;2.0
695;254190050;Frombork;Zalew Wiślany (5119);54 21 37;19 40 38;2.0
696;254190070;Tolkmicko;Zalew Wiślany (5119);54 19 31;19 31 21;2
697;254190080;Pierzchały;Pasłęka (56);54 18 02;19 50 57;11
698;254190120;Kmiecin;Szkarpawa (514);54 11 16;19 09 50;0.0
699;254190150;SŁOBITY;Zalew Wiślany (5119);54 07 47;19 45 05;55.0
700;254190160;Pasłęk;Wąska (5456);54 04 07;19 38 10;14.0
701;254190190;Elbląg;Elbląg (54);54 09 43;19 25 53;39.0
702;254190230;Rogity;Pasłęka (56);54 23 21;19 51 41;8.0
703;254200040;BARTOSZYCE;Łyna (584);54 14 25;20 47 52;59.0
704;254200050;Bornity;Wałsza (568);54 11 04;20 03 03;47.0
705;254200070;KASZUNY;Drwęca Warmińska (566);54 09 30;20 20 23;89.0
706;254200080;LIDZBARK WARMIŃSKI;Łyna (584);54 08 09;20 35 10;90
707;254200140;Osieka;Łyna (584);54 12 32;20 46 57;74.0
708;254210020;WĘGORZEWO;Węgorapa (582);54 13 26;21 44 05;116.0
709;254220020;ŻABIN;Węgorapa (582);54 19 17;22 02 17;110.0
710;254220030;GOŁDAP;Gołdapa (5824);54 18 30;22 16 07;159.0
711;254220060;BANIE MAZURSKIE;Gołdapa (5824);54 15 06;22 01 23;110.0
712;254220090;OLECKO;Jez. Olecko Wielkie (2626139);54 02 51;22 29 13;182.0
713;254220120;Przerośl;Błędzianka (5828);54 15 29;22 39 35;215.0
714;254230040;Podwojponie;Szeszupa (68);54 18 01;23 07 10;207.0
715;349190600;Bielsko-Biała;Biała (2114);49 48 24;19 00 08;396.0
716;349190625;Zakopane;Biały Dunajec (21412);49 17 38;19 57 37;852.0
717;349190650;KASPROWY WIERCH;Biały Dunajec (21412);49 13 57;19 58 55;1990
718;349200628;Hala Gąsienicowa;Poroniec (214128);49 14 38;20 00 21;1523.0
719;349200660;NOWY SĄCZ;Dunajec (214);49 37 38;20 41 19;292
720;349210670;KROSNO;Wisłok (226);49 42 24;21 46 09;330.0
721;349220690;LESKO;San (22);49 27 59;22 20 30;420
722;349220695;PRZEMYŚL;San (22);49 48 15;22 46 19;279
723;350150500;Jelenia Góra;Bóbr (16);50 54 01;15 47 20;342
724;350150510;Śnieżka;Łomniczka (16184);50 44 11;15 44 23;1603
725;350160520;Kłodzko;Nysa Kłodzka (12);50 26 13;16 36 51;356.0
726;350170530;Opole;Odra (1);50 37 37;17 58 08;163.0
727;350180540;Racibórz;Odra (1);50 03 40;18 11 27;206
728;350190550;Częstochowa;Warta (18);50 48 43;19 05 30;293.0
729;350190560;KATOWICE-MUCHOWIEC;Brynica (2126);50 14 26;19 01 58;278.0
730;350190566;Kraków-Balice;Rudawa (2136);50 04 40;19 47 42;236.0
731;350200570;KIELCE-SUKÓW;Lubrzanka (21644);50 48 38;20 41 32;260
732;350200575;TARNÓW;Biała (2148);50 01 32;20 56 31;210.0
733;350210585;SANDOMIERZ;Wisła (2);50 41 48;21 42 57;217
734;350220580;RZESZÓW-JASIONKA;Wisłok (226);50 06 39;22 02 32;206.0
735;350230595;Zamość;Łabuńka (242);50 41 54;23 12 20;223.0
736;351150400;Zielona Góra;Odra (1);51 55 48;15 31 29;192
737;351160415;Legnica;Kaczawa (138);51 11 33;16 12 28;123.0
738;351160418;Leszno;Strzyżewicki Rów (14884);51 50 08;16 32 05;91
739;351160424;Wrocław-Strachowice;Odra (1);51 06 12;16 54 00;120
740;351160425;WROCŁAW;Odra (1);51 06 49;16 52 54;120.0
741;351180435;Kalisz;Prosna (184);51 46 52;18 04 51;137.0
742;351180455;Wieluń;Warta (18);51 12 37;18 33 24;199
743;351190465;Łódź-Lublinek;Ner (1832);51 43 06;19 23 14;174.0
744;351190469;Sulejów;Pilica (254);51 21 12;19 51 59;188.0
745;351210488;Kozienice;Wisła (2);51 33 53;21 32 37;123.0
746;351220495;LUBLIN-RADAWIEC;Bystrzyca (246);51 13 00;22 23 35;238.0
747;351230497;Włodawa;Bug (266);51 33 12;23 31 46;177.0
748;352140310;Słubice;Odra (1);52 20 55;14 37 11;53
749;352150300;Gorzów Wlkp.;Warta (18);52 44 28;15 16 38;71
750;352160330;Poznań-Ławica;Warta (18);52 25 00;16 50 05;88.0
751;352180345;Koło-Radoszewice;Noteć (188);52 21 43;18 42 22;109.0
752;352190360;PŁOCK;Wisła (2);52 35 18;19 43 33;106.0
753;352200375;Warszawa;Wisła (2);52 09 46;20 57 40;106.0
754;352220385;SIEDLCE;Liwiec (2668);52 10 52;22 14 41;152.0
755;352230399;TERESPOL;Bug (266);52 04 43;23 37 19;133.0
756;353140200;Świnoujście;Bałtyk (0);53 55 24;14 14 32;4.0
757;353140205;Szczecin;Odra (1);53 23 43;14 37 22;1.0
758;353150210;Resko-Smólsko;Rega (42);53 45 49;15 23 36;52
759;353160213;Barwice;Parsęta (44);53 45 11;16 21 14;133.0
760;353160215;Szczecinek;Gwda (1886);53 43 04;16 44 48;139.0
761;353160230;Piła;Gwda (1886);53 07 50;16 44 50;72
762;353170235;Chojnice;Brda (292);53 42 55;17 31 57;164.0
763;353180250;Toruń;Wisła (2);53 02 31;18 35 44;69.0
764;353180255;Kwidzyn;Liwa (522);53 44 03;18 52 18;
765;353200270;MŁAWA;Wkra (268);53 06 15;20 21 40;147
766;353200272;OLSZTYN;Łyna (584);53 46 07;20 25 17;133
767;353210280;MIKOŁAJKI;Jez. Mikołajskie (26439);53 47 21;21 35 23;127
768;353210285;OSTROŁĘKA;Narew (26);53 03 57;21 32 02;94
769;353230295;BIAŁYSTOK;Biała (26168);53 06 26;23 09 44;148.0
770;354150100;Kołobrzeg-Dźwirzyno;Jez. Resko Przymorskie (43219);54 09 30;15 23 20;4.0
771;354160105;Koszalin;Dzierżęcinka (45614);54 12 16;16 09 19;33
772;354160115;Ustka;Bałtyk (0);54 35 18;16 51 15;3.0
773;354170120;Łeba;Łeba (476);54 45 13;17 32 05;1
774;354170125;Lębork;Łeba (476);54 33 11;17 45 25;39
775;354180135;Hel;Bałtyk (0);54 36 13;18 48 43;1
776;354180155;Gdańsk-Świbno;Wisła (2);54 20 01;18 56 04;7.0
777;354190160;Elbląg-Milejewo;Elbląg (54);54 13 24;19 32 37;189.0
778;354210185;KĘTRZYN;Guber (5848);54 04 02;21 22 00;107.0
779;354220195;SUWAŁKI;Czarna Hańcza (64);54 07 51;22 56 56;184
