351230497;B00714A;2022-07-01 13:00;10;
351230497;B00714A;2022-07-02 15:00;10;
351230497;B00714A;2022-07-06 10:00;11;
351230497;B00714A;2022-07-06 13:00;10;
351230497;B00714A;2022-07-06 14:00;10;
351230497;B00714A;2022-07-08 04:00;11;
351230497;B00714A;2022-07-12 12:00;15;
351230497;B00714A;2022-07-12 13:00;12;
351230497;B00714A;2022-07-12 16:00;15;
351230497;B00714A;2022-07-12 17:00;14;
351230497;B00714A;2022-07-12 18:00;18;
351230497;B00714A;2022-07-12 19:00;17;
351230497;B00714A;2022-07-12 20:00;17;
351230497;B00714A;2022-07-12 21:00;15;
351230497;B00714A;2022-07-12 22:00;13;
351230497;B00714A;2022-07-12 23:00;13;
351230497;B00714A;2022-07-13 00:00;13;
351230497;B00714A;2022-07-13 01:00;12;
351230497;B00714A;2022-07-13 02:00;11;
351230497;B00714A;2022-07-13 04:00;11;
351230497;B00714A;2022-07-13 05:00;11;
351230497;B00714A;2022-07-13 06:00;12;
351230497;B00714A;2022-07-13 07:00;11;
351230497;B00714A;2022-07-13 08:00;11;
351230497;B00714A;2022-07-13 11:00;14;
351230497;B00714A;2022-07-14 13:00;13;
351230497;B00714A;2022-07-14 15:00;11;
351230497;B00714A;2022-07-16 17:00;15;
351230497;B00714A;2022-07-17 10:00;10;
351230497;B00714A;2022-07-18 11:00;11;
351230497;B00714A;2022-07-20 09:00;10;
351230497;B00714A;2022-07-20 11:00;10;
351230497;B00714A;2022-07-26 17:00;14;
352220385;B00714A;2022-07-06 02:00;9;
352220385;B00714A;2022-07-06 18:00;9;
352220385;B00714A;2022-07-10 15:00;10;
352220385;B00714A;2022-07-12 12:00;11;
352220385;B00714A;2022-07-12 15:00;10;
352220385;B00714A;2022-07-12 17:00;12;
352220385;B00714A;2022-07-12 18:00;11;
352220385;B00714A;2022-07-12 20:00;10;
352220385;B00714A;2022-07-12 21:00;10;
352220385;B00714A;2022-07-13 00:00;11;
352220385;B00714A;2022-07-13 02:00;15;
352220385;B00714A;2022-07-13 03:00;13;
352220385;B00714A;2022-07-13 04:00;11;
352220385;B00714A;2022-07-13 05:00;12;
352220385;B00714A;2022-07-13 06:00;12;
352220385;B00714A;2022-07-13 07:00;12;
352220385;B00714A;2022-07-13 08:00;11;
352220385;B00714A;2022-07-13 09:00;12;
352220385;B00714A;2022-07-13 10:00;13;
352220385;B00714A;2022-07-13 11:00;13;
352220385;B00714A;2022-07-13 13:00;10;
352220385;B00714A;2022-07-13 14:00;13;
352220385;B00714A;2022-07-13 15:00;13;
352220385;B00714A;2022-07-13 16:00;10;
352220385;B00714A;2022-07-13 17:00;10;
352220385;B00714A;2022-07-15 11:00;13;
352220385;B00714A;2022-07-23 17:00;15;
352220385;B00714A;2022-07-24 10:00;10;
352220385;B00714A;2022-07-26 15:00;13;
352220385;B00714A;2022-07-26 16:00;10;
352220385;B00714A;2022-07-27 10:00;8;
352230399;B00714A;2022-07-02 13:00;12;
352230399;B00714A;2022-07-06 05:00;9;
352230399;B00714A;2022-07-06 14:00;10;
352230399;B00714A;2022-07-10 09:00;8;
352230399;B00714A;2022-07-10 11:00;9;
352230399;B00714A;2022-07-11 11:00;9;
352230399;B00714A;2022-07-12 10:00;11;
352230399;B00714A;2022-07-12 11:00;10;
352230399;B00714A;2022-07-12 12:00;8;
352230399;B00714A;2022-07-12 13:00;11;
352230399;B00714A;2022-07-12 14:00;11;
352230399;B00714A;2022-07-12 15:00;13;
352230399;B00714A;2022-07-12 16:00;16;
352230399;B00714A;2022-07-12 17:00;15;
352230399;B00714A;2022-07-12 18:00;12;
352230399;B00714A;2022-07-12 19:00;12;
352230399;B00714A;2022-07-12 20:00;12;
352230399;B00714A;2022-07-12 21:00;11;
352230399;B00714A;2022-07-12 22:00;13;
352230399;B00714A;2022-07-12 23:00;12;
352230399;B00714A;2022-07-13 00:00;11;
352230399;B00714A;2022-07-13 04:00;10;
352230399;B00714A;2022-07-13 06:00;11;
352230399;B00714A;2022-07-13 07:00;9;
352230399;B00714A;2022-07-13 08:00;10;
352230399;B00714A;2022-07-13 09:00;10;
352230399;B00714A;2022-07-13 10:00;10;
352230399;B00714A;2022-07-13 12:00;9;
352230399;B00714A;2022-07-14 12:00;11;
352230399;B00714A;2022-07-14 13:00;10;
352230399;B00714A;2022-07-14 14:00;12;
352230399;B00714A;2022-07-15 12:00;10;
352230399;B00714A;2022-07-16 11:00;9;
352230399;B00714A;2022-07-16 17:00;10;
352230399;B00714A;2022-07-17 11:00;8;
352230399;B00714A;2022-07-17 13:00;10;
352230399;B00714A;2022-07-17 16:00;8;
352230399;B00714A;2022-07-20 13:00;11;
352230399;B00714A;2022-07-20 15:00;10;
352230399;B00714A;2022-07-20 17:00;8;
352230399;B00714A;2022-07-23 19:00;9;
352230399;B00714A;2022-07-26 17:00;15;
352190360;B00714A;2022-07-01 11:00;10;
352190360;B00714A;2022-07-01 12:00;10;
352190360;B00714A;2022-07-01 20:00;12;
352190360;B00714A;2022-07-08 14:00;9;
352190360;B00714A;2022-07-08 16:00;8;
352190360;B00714A;2022-07-10 08:00;10;
352190360;B00714A;2022-07-10 10:00;11;
352190360;B00714A;2022-07-10 11:00;10;
352190360;B00714A;2022-07-12 09:00;11;
352190360;B00714A;2022-07-12 12:00;11;
352190360;B00714A;2022-07-12 13:00;11;
352190360;B00714A;2022-07-12 14:00;12;
352190360;B00714A;2022-07-12 15:00;12;
352190360;B00714A;2022-07-12 16:00;14;
352190360;B00714A;2022-07-12 17:00;9;
352190360;B00714A;2022-07-12 18:00;10;
352190360;B00714A;2022-07-13 10:00;12;
352190360;B00714A;2022-07-13 12:00;12;
352190360;B00714A;2022-07-13 13:00;11;
352190360;B00714A;2022-07-14 09:00;10;
352190360;B00714A;2022-07-14 10:00;10;
352190360;B00714A;2022-07-14 11:00;10;
352190360;B00714A;2022-07-14 12:00;12;
352190360;B00714A;2022-07-14 13:00;9;
352190360;B00714A;2022-07-15 06:00;9;
352190360;B00714A;2022-07-15 08:00;10;
352190360;B00714A;2022-07-15 12:00;12;
352190360;B00714A;2022-07-15 13:00;11;
352190360;B00714A;2022-07-16 16:00;10;
352190360;B00714A;2022-07-16 17:00;11;
352190360;B00714A;2022-07-17 12:00;10;
352190360;B00714A;2022-07-18 09:00;8;
352190360;B00714A;2022-07-19 14:00;9;
352190360;B00714A;2022-07-22 00:00;9;
352190360;B00714A;2022-07-27 13:00;9;
352190360;B00714A;2022-07-27 15:00;8;
352190360;B00714A;2022-07-28 08:00;8;
352190360;B00714A;2022-07-28 10:00;7;
352190360;B00714A;2022-07-31 01:00;11;
353210280;B00714A;2022-07-01 10:00;11;
353210280;B00714A;2022-07-01 11:00;9;
353210280;B00714A;2022-07-01 18:00;9;
353210280;B00714A;2022-07-02 12:00;10;
353210280;B00714A;2022-07-02 13:00;9;
353210280;B00714A;2022-07-02 14:00;12;
353210280;B00714A;2022-07-02 16:00;9;
353210280;B00714A;2022-07-02 17:00;10;
353210280;B00714A;2022-07-03 06:00;14;
353210280;B00714A;2022-07-05 21:00;8;
353210280;B00714A;2022-07-06 11:00;10;
353210280;B00714A;2022-07-06 13:00;8;
353210280;B00714A;2022-07-06 15:00;10;
353210280;B00714A;2022-07-08 04:00;8;
353210280;B00714A;2022-07-08 05:00;11;
353210280;B00714A;2022-07-08 12:00;10;
353210280;B00714A;2022-07-08 14:00;11;
353210280;B00714A;2022-07-08 15:00;10;
353210280;B00714A;2022-07-08 16:00;11;
353210280;B00714A;2022-07-09 09:00;9;
353210280;B00714A;2022-07-09 10:00;9;
353210280;B00714A;2022-07-09 12:00;9;
353210280;B00714A;2022-07-10 08:00;8;
353210280;B00714A;2022-07-10 13:00;9;
353210280;B00714A;2022-07-10 16:00;9;
353210280;B00714A;2022-07-11 08:00;8;
353210280;B00714A;2022-07-12 05:00;12;
353210280;B00714A;2022-07-12 06:00;12;
353210280;B00714A;2022-07-12 07:00;11;
353210280;B00714A;2022-07-12 08:00;12;
353210280;B00714A;2022-07-12 09:00;13;
353210280;B00714A;2022-07-12 10:00;13;
353210280;B00714A;2022-07-12 11:00;13;
353210280;B00714A;2022-07-12 12:00;13;
353210280;B00714A;2022-07-12 13:00;14;
353210280;B00714A;2022-07-12 14:00;17;
353210280;B00714A;2022-07-12 15:00;16;
353210280;B00714A;2022-07-12 16:00;17;
353210280;B00714A;2022-07-12 17:00;16;
353210280;B00714A;2022-07-12 18:00;17;
353210280;B00714A;2022-07-12 19:00;15;
353210280;B00714A;2022-07-12 20:00;15;
353210280;B00714A;2022-07-12 21:00;16;
353210280;B00714A;2022-07-12 22:00;13;
353210280;B00714A;2022-07-12 23:00;13;
353210280;B00714A;2022-07-13 00:00;14;
353210280;B00714A;2022-07-13 01:00;13;
353210280;B00714A;2022-07-13 02:00;12;
353210280;B00714A;2022-07-13 03:00;13;
353210280;B00714A;2022-07-13 04:00;12;
353210280;B00714A;2022-07-13 05:00;12;
353210280;B00714A;2022-07-13 06:00;15;
353210280;B00714A;2022-07-13 07:00;15;
353210280;B00714A;2022-07-13 08:00;12;
353210280;B00714A;2022-07-13 09:00;14;
353210280;B00714A;2022-07-13 10:00;9;
353210280;B00714A;2022-07-13 11:00;14;
353210280;B00714A;2022-07-13 12:00;15;
353210280;B00714A;2022-07-13 13:00;13;
353210280;B00714A;2022-07-13 14:00;13;
353210280;B00714A;2022-07-13 15:00;9;
353210280;B00714A;2022-07-14 09:00;10;
353210280;B00714A;2022-07-14 10:00;11;
353210280;B00714A;2022-07-14 11:00;10;
353210280;B00714A;2022-07-14 12:00;9;
353210280;B00714A;2022-07-14 13:00;10;
353210280;B00714A;2022-07-14 14:00;10;
353210280;B00714A;2022-07-15 04:00;9;
353210280;B00714A;2022-07-15 07:00;8;
353210280;B00714A;2022-07-15 08:00;10;
353210280;B00714A;2022-07-15 10:00;11;
353210280;B00714A;2022-07-15 11:00;10;
353210280;B00714A;2022-07-15 12:00;13;
353210280;B00714A;2022-07-15 20:00;8;
353210280;B00714A;2022-07-16 12:00;8;
353210280;B00714A;2022-07-16 14:00;10;
353210280;B00714A;2022-07-17 13:00;9;
353210280;B00714A;2022-07-18 15:00;8;
353210280;B00714A;2022-07-21 03:00;23;
353210280;B00714A;2022-07-24 12:00;11;
353210280;B00714A;2022-07-24 13:00;12;
353210280;B00714A;2022-07-26 14:00;10;
353210280;B00714A;2022-07-28 07:00;9;
354220195;B00714A;2022-07-02 15:00;9;
354220195;B00714A;2022-07-12 10:00;13;
354220195;B00714A;2022-07-12 11:00;17;
354220195;B00714A;2022-07-12 12:00;16;
354220195;B00714A;2022-07-12 13:00;15;
354220195;B00714A;2022-07-12 14:00;14;
354220195;B00714A;2022-07-12 15:00;13;
354220195;B00714A;2022-07-12 16:00;11;
354220195;B00714A;2022-07-12 17:00;11;
354220195;B00714A;2022-07-12 18:00;12;
354220195;B00714A;2022-07-12 19:00;12;
354220195;B00714A;2022-07-12 22:00;11;
354220195;B00714A;2022-07-12 23:00;11;
354220195;B00714A;2022-07-14 09:00;10;
354220195;B00714A;2022-07-15 13:00;13;
354220195;B00714A;2022-07-15 15:00;12;
354220195;B00714A;2022-07-19 12:00;9;
354220195;B00714A;2022-07-24 12:00;10;
354220195;B00714A;2022-07-24 13:00;11;
353200270;B00714A;2022-07-01 11:00;11;
353200270;B00714A;2022-07-01 19:00;13;
353200270;B00714A;2022-07-01 20:00;11;
353200270;B00714A;2022-07-02 00:00;50;
353200270;B00714A;2022-07-02 10:00;9;
353200270;B00714A;2022-07-06 09:00;9;
353200270;B00714A;2022-07-08 14:00;8;
353200270;B00714A;2022-07-10 11:00;10;
353200270;B00714A;2022-07-12 08:00;12;
353200270;B00714A;2022-07-12 10:00;12;
353200270;B00714A;2022-07-12 12:00;15;
353200270;B00714A;2022-07-12 13:00;13;
353200270;B00714A;2022-07-12 14:00;14;
353200270;B00714A;2022-07-12 15:00;13;
353200270;B00714A;2022-07-12 16:00;17;
353200270;B00714A;2022-07-12 17:00;16;
353200270;B00714A;2022-07-12 18:00;12;
353200270;B00714A;2022-07-12 19:00;14;
353200270;B00714A;2022-07-13 08:00;12;
353200270;B00714A;2022-07-13 10:00;12;
353200270;B00714A;2022-07-13 11:00;12;
353200270;B00714A;2022-07-13 17:00;10;
353200270;B00714A;2022-07-14 13:00;11;
353200270;B00714A;2022-07-14 15:00;10;
353200270;B00714A;2022-07-15 11:00;11;
353200270;B00714A;2022-07-16 17:00;11;
353200270;B00714A;2022-07-18 01:00;10;
353200270;B00714A;2022-07-20 12:00;8;
353200270;B00714A;2022-07-31 10:00;11;
353200270;B00714A;2022-07-31 11:00;10;
353230295;B00714A;2022-07-09 12:00;8;
353230295;B00714A;2022-07-09 16:00;8;
353230295;B00714A;2022-07-12 09:00;10;
353230295;B00714A;2022-07-12 10:00;11;
353230295;B00714A;2022-07-12 11:00;14;
353230295;B00714A;2022-07-12 12:00;15;
353230295;B00714A;2022-07-12 13:00;13;
353230295;B00714A;2022-07-12 14:00;12;
353230295;B00714A;2022-07-12 15:00;13;
353230295;B00714A;2022-07-12 16:00;11;
353230295;B00714A;2022-07-12 17:00;12;
353230295;B00714A;2022-07-12 18:00;11;
353230295;B00714A;2022-07-12 19:00;9;
353230295;B00714A;2022-07-12 20:00;13;
353230295;B00714A;2022-07-12 21:00;11;
353230295;B00714A;2022-07-12 22:00;9;
353230295;B00714A;2022-07-13 00:00;11;
353230295;B00714A;2022-07-13 02:00;10;
353230295;B00714A;2022-07-13 04:00;9;
353230295;B00714A;2022-07-13 05:00;9;
353230295;B00714A;2022-07-13 06:00;9;
353230295;B00714A;2022-07-13 10:00;8;
353230295;B00714A;2022-07-13 12:00;10;
353230295;B00714A;2022-07-14 11:00;9;
353230295;B00714A;2022-07-14 13:00;9;
353230295;B00714A;2022-07-15 12:00;9;
353230295;B00714A;2022-07-15 14:00;14;
353230295;B00714A;2022-07-16 13:00;7;
353230295;B00714A;2022-07-16 14:00;11;
353230295;B00714A;2022-07-17 12:00;8;
353230295;B00714A;2022-07-20 14:00;9;
353230295;B00714A;2022-07-24 03:00;8;
353230295;B00714A;2022-07-24 10:00;9;
353230295;B00714A;2022-07-26 08:00;7;
353160230;B00714A;2022-07-01 15:00;13;
353160230;B00714A;2022-07-04 10:00;6;
353160230;B00714A;2022-07-06 13:00;9;
353160230;B00714A;2022-07-07 11:00;8;
353160230;B00714A;2022-07-08 09:00;8;
353160230;B00714A;2022-07-08 10:00;8;
353160230;B00714A;2022-07-10 07:00;9;
353160230;B00714A;2022-07-11 16:00;9;
353160230;B00714A;2022-07-12 12:00;10;
353160230;B00714A;2022-07-12 13:00;10;
353160230;B00714A;2022-07-12 14:00;10;
353160230;B00714A;2022-07-12 15:00;11;
353160230;B00714A;2022-07-12 17:00;10;
353160230;B00714A;2022-07-14 08:00;9;
353160230;B00714A;2022-07-14 10:00;9;
353160230;B00714A;2022-07-14 13:00;8;
353160230;B00714A;2022-07-15 05:00;9;
353160230;B00714A;2022-07-15 08:00;10;
353160230;B00714A;2022-07-15 13:00;11;
353160230;B00714A;2022-07-15 14:00;9;
353160230;B00714A;2022-07-16 14:00;9;
353160230;B00714A;2022-07-16 15:00;12;
353160230;B00714A;2022-07-16 17:00;10;
353160230;B00714A;2022-07-17 11:00;8;
353160230;B00714A;2022-07-17 13:00;10;
353160230;B00714A;2022-07-18 12:00;8;
353160230;B00714A;2022-07-21 13:00;9;
353160230;B00714A;2022-07-26 08:00;8;
353160230;B00714A;2022-07-26 14:00;9;
353160230;B00714A;2022-07-26 15:00;11;
353160230;B00714A;2022-07-26 16:00;10;
353160230;B00714A;2022-07-27 10:00;9;
350170530;B00714A;2022-07-01 10:00;9;
350170530;B00714A;2022-07-01 19:00;10;
350170530;B00714A;2022-07-01 21:00;11;
350170530;B00714A;2022-07-01 22:00;9;
350170530;B00714A;2022-07-07 13:00;9;
350170530;B00714A;2022-07-08 12:00;10;
350170530;B00714A;2022-07-08 14:00;10;
350170530;B00714A;2022-07-08 19:00;9;
350170530;B00714A;2022-07-09 11:00;9;
350170530;B00714A;2022-07-09 13:00;8;
350170530;B00714A;2022-07-10 08:00;9;
350170530;B00714A;2022-07-10 17:00;9;
350170530;B00714A;2022-07-11 08:00;10;
350170530;B00714A;2022-07-12 17:00;9;
350170530;B00714A;2022-07-13 06:00;9;
350170530;B00714A;2022-07-13 08:00;11;
350170530;B00714A;2022-07-13 11:00;10;
350170530;B00714A;2022-07-13 14:00;9;
350170530;B00714A;2022-07-15 11:00;10;
350170530;B00714A;2022-07-15 12:00;10;
350170530;B00714A;2022-07-15 13:00;12;
350170530;B00714A;2022-07-15 14:00;9;
350170530;B00714A;2022-07-16 11:00;9;
350170530;B00714A;2022-07-16 12:00;10;
350170530;B00714A;2022-07-16 13:00;13;
350170530;B00714A;2022-07-16 14:00;11;
350170530;B00714A;2022-07-16 16:00;9;
350170530;B00714A;2022-07-17 14:00;8;
350170530;B00714A;2022-07-17 15:00;8;
350170530;B00714A;2022-07-18 13:00;7;
350170530;B00714A;2022-07-22 13:00;9;
350170530;B00714A;2022-07-24 12:00;8;
350170530;B00714A;2022-07-31 03:00;9;
350170530;B00714A;2022-07-31 05:00;9;
350170530;B00714A;2022-07-31 06:00;9;
350170530;B00714A;2022-07-31 10:00;9;
350170530;B00714A;2022-07-31 13:00;11;
350150500;B00714A;2022-07-01 13:00;9;
350150500;B00714A;2022-07-01 15:00;8;
350150500;B00714A;2022-07-01 16:00;10;
350150500;B00714A;2022-07-01 18:00;10;
350150500;B00714A;2022-07-06 12:00;10;
350150500;B00714A;2022-07-08 12:00;9;
350150500;B00714A;2022-07-08 14:00;12;
350150500;B00714A;2022-07-09 10:00;10;
350150500;B00714A;2022-07-09 11:00;10;
350150500;B00714A;2022-07-09 13:00;11;
350150500;B00714A;2022-07-10 10:00;10;
350150500;B00714A;2022-07-10 11:00;10;
350150500;B00714A;2022-07-10 16:00;11;
350150500;B00714A;2022-07-11 13:00;10;
350150500;B00714A;2022-07-12 09:00;9;
350150500;B00714A;2022-07-12 10:00;9;
350150500;B00714A;2022-07-12 14:00;10;
350150500;B00714A;2022-07-12 15:00;10;
350150500;B00714A;2022-07-13 14:00;9;
350150500;B00714A;2022-07-15 06:00;8;
350150500;B00714A;2022-07-15 08:00;10;
350150500;B00714A;2022-07-15 10:00;10;
350150500;B00714A;2022-07-15 12:00;11;
350150500;B00714A;2022-07-15 15:00;10;
350150500;B00714A;2022-07-16 11:00;10;
350150500;B00714A;2022-07-16 12:00;11;
350150500;B00714A;2022-07-16 15:00;12;
350150500;B00714A;2022-07-17 14:00;10;
350150500;B00714A;2022-07-21 18:00;10;
350150500;B00714A;2022-07-26 13:00;11;
350150500;B00714A;2022-07-28 10:00;7;
350150500;B00714A;2022-07-30 18:00;8;
350150500;B00714A;2022-07-31 11:00;11;
350150500;B00714A;2022-07-31 13:00;10;
351160415;B00714A;2022-07-01 15:00;10;
351160415;B00714A;2022-07-01 17:00;13;
351160415;B00714A;2022-07-01 19:00;11;
351160415;B00714A;2022-07-01 22:00;9;
351160415;B00714A;2022-07-06 03:00;12;
351160415;B00714A;2022-07-06 11:00;9;
351160415;B00714A;2022-07-06 12:00;11;
351160415;B00714A;2022-07-06 13:00;12;
351160415;B00714A;2022-07-06 14:00;12;
351160415;B00714A;2022-07-08 14:00;12;
351160415;B00714A;2022-07-08 15:00;13;
351160415;B00714A;2022-07-08 17:00;12;
351160415;B00714A;2022-07-09 10:00;10;
351160415;B00714A;2022-07-10 10:00;11;
351160415;B00714A;2022-07-10 13:00;10;
351160415;B00714A;2022-07-12 08:00;12;
351160415;B00714A;2022-07-12 10:00;12;
351160415;B00714A;2022-07-12 14:00;12;
351160415;B00714A;2022-07-12 15:00;10;
351160415;B00714A;2022-07-12 18:00;9;
351160415;B00714A;2022-07-13 13:00;10;
351160415;B00714A;2022-07-14 12:00;9;
351160415;B00714A;2022-07-15 11:00;11;
351160415;B00714A;2022-07-16 08:00;10;
351160415;B00714A;2022-07-16 12:00;16;
351160415;B00714A;2022-07-16 13:00;12;
351160415;B00714A;2022-07-16 14:00;13;
351160415;B00714A;2022-07-16 16:00;12;
351160415;B00714A;2022-07-22 10:00;9;
351160418;B00714A;2022-07-07 10:00;10;
351160418;B00714A;2022-07-09 14:00;10;
351160418;B00714A;2022-07-15 09:00;11;
351160418;B00714A;2022-07-15 10:00;10;
351160418;B00714A;2022-07-15 14:00;11;
351160418;B00714A;2022-07-16 11:00;12;
351160418;B00714A;2022-07-17 10:00;9;
351160418;B00714A;2022-07-22 12:00;8;
351160418;B00714A;2022-07-24 09:00;8;
351160418;B00714A;2022-07-25 13:00;8;
351160418;B00714A;2022-07-26 17:00;13;
351160418;B00714A;2022-07-28 15:00;7;
350150510;B00714A;2022-07-02 12:00;10;
350150510;B00714A;2022-07-04 10:00;10;
350150510;B00714A;2022-07-04 13:00;9;
350150510;B00714A;2022-07-04 14:00;7;
350150510;B00714A;2022-07-06 03:00;20;
350150510;B00714A;2022-07-06 12:00;14;
350150510;B00714A;2022-07-06 13:00;14;
350150510;B00714A;2022-07-06 14:00;14;
350150510;B00714A;2022-07-07 05:00;14;
350150510;B00714A;2022-07-07 06:00;14;
350150510;B00714A;2022-07-07 07:00;20;
350150510;B00714A;2022-07-07 08:00;15;
350150510;B00714A;2022-07-07 09:00;16;
350150510;B00714A;2022-07-07 10:00;16;
350150510;B00714A;2022-07-07 11:00;14;
350150510;B00714A;2022-07-08 01:00;17;
350150510;B00714A;2022-07-08 03:00;20;
350150510;B00714A;2022-07-08 04:00;19;
350150510;B00714A;2022-07-08 10:00;18;
350150510;B00714A;2022-07-08 12:00;21;
350150510;B00714A;2022-07-08 14:00;17;
350150510;B00714A;2022-07-08 17:00;19;
350150510;B00714A;2022-07-08 19:00;22;
350150510;B00714A;2022-07-08 20:00;22;
350150510;B00714A;2022-07-09 08:00;15;
350150510;B00714A;2022-07-09 09:00;15;
350150510;B00714A;2022-07-09 13:00;16;
350150510;B00714A;2022-07-09 15:00;17;
350150510;B00714A;2022-07-09 16:00;19;
350150510;B00714A;2022-07-09 17:00;18;
350150510;B00714A;2022-07-09 18:00;16;
350150510;B00714A;2022-07-10 01:00;20;
350150510;B00714A;2022-07-10 02:00;20;
350150510;B00714A;2022-07-10 03:00;21;
350150510;B00714A;2022-07-10 04:00;19;
350150510;B00714A;2022-07-10 05:00;23;
350150510;B00714A;2022-07-10 06:00;24;
350150510;B00714A;2022-07-10 07:00;22;
350150510;B00714A;2022-07-10 09:00;20;
350150510;B00714A;2022-07-10 12:00;18;
350150510;B00714A;2022-07-10 14:00;20;
350150510;B00714A;2022-07-10 15:00;21;
350150510;B00714A;2022-07-10 17:00;20;
350150510;B00714A;2022-07-11 05:00;17;
350150510;B00714A;2022-07-11 06:00;18;
350150510;B00714A;2022-07-11 07:00;19;
350150510;B00714A;2022-07-11 08:00;14;
350150510;B00714A;2022-07-11 11:00;16;
350150510;B00714A;2022-07-11 12:00;16;
350150510;B00714A;2022-07-11 13:00;19;
350150510;B00714A;2022-07-12 08:00;21;
350150510;B00714A;2022-07-12 11:00;16;
350150510;B00714A;2022-07-12 12:00;17;
350150510;B00714A;2022-07-12 13:00;17;
350150510;B00714A;2022-07-12 14:00;19;
350150510;B00714A;2022-07-12 15:00;19;
350150510;B00714A;2022-07-12 16:00;20;
350150510;B00714A;2022-07-12 20:00;22;
350150510;B00714A;2022-07-12 21:00;24;
350150510;B00714A;2022-07-12 22:00;24;
350150510;B00714A;2022-07-12 23:00;22;
350150510;B00714A;2022-07-13 01:00;22;
350150510;B00714A;2022-07-13 06:00;22;
350150510;B00714A;2022-07-13 07:00;19;
350150510;B00714A;2022-07-13 08:00;18;
350150510;B00714A;2022-07-13 11:00;12;
350150510;B00714A;2022-07-13 14:00;11;
350150510;B00714A;2022-07-13 15:00;14;
350150510;B00714A;2022-07-13 16:00;14;
350150510;B00714A;2022-07-13 17:00;17;
350150510;B00714A;2022-07-13 21:00;17;
350150510;B00714A;2022-07-14 13:00;20;
350150510;B00714A;2022-07-14 18:00;29;
350150510;B00714A;2022-07-14 21:00;22;
350150510;B00714A;2022-07-14 22:00;22;
350150510;B00714A;2022-07-15 01:00;26;
350150510;B00714A;2022-07-15 06:00;18;
350150510;B00714A;2022-07-15 16:00;14;
350150510;B00714A;2022-07-15 20:00;17;
350150510;B00714A;2022-07-16 06:00;14;
350150510;B00714A;2022-07-16 07:00;17;
350150510;B00714A;2022-07-16 08:00;18;
350150510;B00714A;2022-07-16 09:00;17;
350150510;B00714A;2022-07-16 10:00;17;
350150510;B00714A;2022-07-16 11:00;18;
350150510;B00714A;2022-07-16 12:00;21;
350150510;B00714A;2022-07-16 13:00;25;
350150510;B00714A;2022-07-16 16:00;28;
350150510;B00714A;2022-07-16 18:00;23;
350150510;B00714A;2022-07-16 21:00;23;
350150510;B00714A;2022-07-21 09:00;12;
350150510;B00714A;2022-07-21 10:00;11;
350150510;B00714A;2022-07-21 11:00;12;
350150510;B00714A;2022-07-21 12:00;12;
350150510;B00714A;2022-07-21 13:00;9;
350150510;B00714A;2022-07-21 14:00;8;
350150510;B00714A;2022-07-21 15:00;8;
350150510;B00714A;2022-07-22 06:00;12;
350150510;B00714A;2022-07-22 11:00;7;
350150510;B00714A;2022-07-22 12:00;9;
350150510;B00714A;2022-07-23 07:00;13;
350150510;B00714A;2022-07-23 08:00;15;
350150510;B00714A;2022-07-23 09:00;9;
350150510;B00714A;2022-07-23 10:00;15;
350150510;B00714A;2022-07-23 11:00;13;
350150510;B00714A;2022-07-23 12:00;9;
350150510;B00714A;2022-07-23 14:00;12;
350150510;B00714A;2022-07-25 10:00;12;
350150510;B00714A;2022-07-25 11:00;11;
350150510;B00714A;2022-07-25 12:00;14;
350150510;B00714A;2022-07-25 13:00;13;
350150510;B00714A;2022-07-25 14:00;14;
350150510;B00714A;2022-07-25 15:00;16;
350150510;B00714A;2022-07-25 16:00;15;
350150510;B00714A;2022-07-25 17:00;13;
350150510;B00714A;2022-07-25 19:00;14;
350150510;B00714A;2022-07-26 08:00;15;
350150510;B00714A;2022-07-26 10:00;19;
350150510;B00714A;2022-07-26 11:00;16;
350150510;B00714A;2022-07-26 15:00;13;
350150510;B00714A;2022-07-28 09:00;9;
350150510;B00714A;2022-07-28 15:00;8;
350150510;B00714A;2022-07-30 20:00;24;
350150510;B00714A;2022-07-31 07:00;25;
350150510;B00714A;2022-07-31 08:00;23;
350150510;B00714A;2022-07-31 09:00;23;
350150510;B00714A;2022-07-31 13:00;21;
351160424;B00714A;2022-07-01 12:00;16;
351160424;B00714A;2022-07-01 15:00;10;
351160424;B00714A;2022-07-01 17:00;10;
351160424;B00714A;2022-07-01 18:00;14;
351160424;B00714A;2022-07-02 04:00;10;
351160424;B00714A;2022-07-06 05:00;9;
351160424;B00714A;2022-07-06 14:00;8;
351160424;B00714A;2022-07-06 16:00;9;
351160424;B00714A;2022-07-06 17:00;9;
351160424;B00714A;2022-07-07 09:00;10;
351160424;B00714A;2022-07-08 10:00;10;
351160424;B00714A;2022-07-08 12:00;11;
351160424;B00714A;2022-07-08 13:00;10;
351160424;B00714A;2022-07-08 14:00;9;
351160424;B00714A;2022-07-08 15:00;10;
351160424;B00714A;2022-07-08 16:00;11;
351160424;B00714A;2022-07-08 17:00;10;
351160424;B00714A;2022-07-09 08:00;10;
351160424;B00714A;2022-07-09 09:00;10;
351160424;B00714A;2022-07-09 11:00;10;
351160424;B00714A;2022-07-10 05:00;9;
351160424;B00714A;2022-07-10 08:00;10;
351160424;B00714A;2022-07-10 09:00;9;
351160424;B00714A;2022-07-10 11:00;12;
351160424;B00714A;2022-07-10 12:00;13;
351160424;B00714A;2022-07-10 13:00;10;
351160424;B00714A;2022-07-10 14:00;10;
351160424;B00714A;2022-07-11 09:00;11;
351160424;B00714A;2022-07-11 10:00;12;
351160424;B00714A;2022-07-11 11:00;11;
351160424;B00714A;2022-07-11 12:00;11;
351160424;B00714A;2022-07-11 13:00;12;
351160424;B00714A;2022-07-12 08:00;10;
351160424;B00714A;2022-07-12 09:00;9;
351160424;B00714A;2022-07-12 11:00;9;
351160424;B00714A;2022-07-12 13:00;11;
351160424;B00714A;2022-07-12 14:00;9;
351160424;B00714A;2022-07-12 15:00;11;
351160424;B00714A;2022-07-12 16:00;11;
351160424;B00714A;2022-07-12 17:00;8;
351160424;B00714A;2022-07-12 18:00;8;
351160424;B00714A;2022-07-13 09:00;10;
351160424;B00714A;2022-07-13 10:00;9;
351160424;B00714A;2022-07-13 12:00;9;
351160424;B00714A;2022-07-15 06:00;10;
351160424;B00714A;2022-07-15 07:00;12;
351160424;B00714A;2022-07-15 09:00;13;
351160424;B00714A;2022-07-15 10:00;11;
351160424;B00714A;2022-07-15 11:00;11;
351160424;B00714A;2022-07-15 12:00;11;
351160424;B00714A;2022-07-15 14:00;9;
351160424;B00714A;2022-07-15 15:00;9;
351160424;B00714A;2022-07-16 11:00;14;
351160424;B00714A;2022-07-16 13:00;9;
351160424;B00714A;2022-07-16 15:00;13;
351160424;B00714A;2022-07-16 16:00;15;
351160424;B00714A;2022-07-16 18:00;7;
351160424;B00714A;2022-07-17 09:00;9;
351160424;B00714A;2022-07-18 13:00;10;
351160424;B00714A;2022-07-19 12:00;8;
351160424;B00714A;2022-07-19 13:00;8;
351160424;B00714A;2022-07-19 15:00;6;
351160424;B00714A;2022-07-21 14:00;9;
351160424;B00714A;2022-07-21 19:00;10;
351160424;B00714A;2022-07-21 20:00;8;
351160424;B00714A;2022-07-22 09:00;7;
351160424;B00714A;2022-07-23 10:00;9;
351160424;B00714A;2022-07-24 14:00;8;
351160424;B00714A;2022-07-24 15:00;7;
351160424;B00714A;2022-07-25 12:00;9;
351160424;B00714A;2022-07-25 13:00;10;
351160424;B00714A;2022-07-26 05:00;9;
351160424;B00714A;2022-07-30 22:00;9;
351160424;B00714A;2022-07-31 09:00;8;
351160424;B00714A;2022-07-31 11:00;9;
351160424;B00714A;2022-07-31 14:00;10;
350160520;B00714A;2022-07-01 14:00;11;
350160520;B00714A;2022-07-01 20:00;9;
350160520;B00714A;2022-07-06 04:00;9;
350160520;B00714A;2022-07-07 14:00;10;
350160520;B00714A;2022-07-08 14:00;10;
350160520;B00714A;2022-07-08 15:00;9;
350160520;B00714A;2022-07-08 16:00;9;
350160520;B00714A;2022-07-08 17:00;11;
350160520;B00714A;2022-07-08 18:00;8;
350160520;B00714A;2022-07-09 11:00;9;
350160520;B00714A;2022-07-09 14:00;8;
350160520;B00714A;2022-07-10 08:00;14;
350160520;B00714A;2022-07-10 09:00;10;
350160520;B00714A;2022-07-10 15:00;8;
350160520;B00714A;2022-07-11 10:00;11;
350160520;B00714A;2022-07-12 10:00;9;
350160520;B00714A;2022-07-12 14:00;8;
350160520;B00714A;2022-07-12 15:00;9;
350160520;B00714A;2022-07-13 10:00;8;
350160520;B00714A;2022-07-16 12:00;13;
350160520;B00714A;2022-07-16 13:00;11;
350160520;B00714A;2022-07-16 16:00;12;
350160520;B00714A;2022-07-17 11:00;8;
350160520;B00714A;2022-07-21 11:00;8;
350160520;B00714A;2022-07-24 13:00;8;
350160520;B00714A;2022-07-25 14:00;10;
350160520;B00714A;2022-07-25 15:00;9;
350160520;B00714A;2022-07-26 05:00;9;
350160520;B00714A;2022-07-31 08:00;8;
350160520;B00714A;2022-07-31 09:00;10;
350160520;B00714A;2022-07-31 10:00;12;
350160520;B00714A;2022-07-31 11:00;12;
350160520;B00714A;2022-07-31 13:00;11;
350160520;B00714A;2022-07-31 14:00;10;
350180540;B00714A;2022-07-01 19:00;15;
350180540;B00714A;2022-07-01 20:00;13;
350180540;B00714A;2022-07-01 21:00;12;
350180540;B00714A;2022-07-06 07:00;13;
350180540;B00714A;2022-07-08 19:00;14;
350180540;B00714A;2022-07-12 14:00;13;
350180540;B00714A;2022-07-12 15:00;14;
350180540;B00714A;2022-07-13 10:00;12;
350180540;B00714A;2022-07-13 11:00;11;
350180540;B00714A;2022-07-13 12:00;11;
350180540;B00714A;2022-07-13 14:00;10;
350180540;B00714A;2022-07-13 15:00;9;
350180540;B00714A;2022-07-15 12:00;11;
350180540;B00714A;2022-07-15 13:00;10;
350180540;B00714A;2022-07-16 11:00;11;
350180540;B00714A;2022-07-16 15:00;13;
350180540;B00714A;2022-07-21 22:00;8;
350180540;B00714A;2022-07-23 12:00;12;
350180540;B00714A;2022-07-23 14:00;13;
350180540;B00714A;2022-07-24 12:00;9;
350180540;B00714A;2022-07-26 05:00;13;
350180540;B00714A;2022-07-31 08:00;13;
351150400;B00714A;2022-07-01 13:00;12;
351150400;B00714A;2022-07-01 15:00;11;
351150400;B00714A;2022-07-01 18:00;9;
351150400;B00714A;2022-07-01 19:00;9;
351150400;B00714A;2022-07-01 22:00;12;
351150400;B00714A;2022-07-06 08:00;9;
351150400;B00714A;2022-07-06 09:00;8;
351150400;B00714A;2022-07-06 10:00;10;
351150400;B00714A;2022-07-06 11:00;9;
351150400;B00714A;2022-07-06 12:00;9;
351150400;B00714A;2022-07-06 13:00;10;
351150400;B00714A;2022-07-07 10:00;9;
351150400;B00714A;2022-07-07 14:00;14;
351150400;B00714A;2022-07-07 15:00;7;
351150400;B00714A;2022-07-08 05:00;8;
351150400;B00714A;2022-07-08 08:00;9;
351150400;B00714A;2022-07-08 12:00;11;
351150400;B00714A;2022-07-08 13:00;10;
351150400;B00714A;2022-07-08 14:00;9;
351150400;B00714A;2022-07-08 15:00;10;
351150400;B00714A;2022-07-08 16:00;10;
351150400;B00714A;2022-07-08 17:00;10;
351150400;B00714A;2022-07-09 00:00;9;
351150400;B00714A;2022-07-09 10:00;8;
351150400;B00714A;2022-07-10 02:00;9;
351150400;B00714A;2022-07-10 07:00;10;
351150400;B00714A;2022-07-10 08:00;10;
351150400;B00714A;2022-07-10 09:00;10;
351150400;B00714A;2022-07-10 10:00;9;
351150400;B00714A;2022-07-10 13:00;10;
351150400;B00714A;2022-07-10 14:00;10;
351150400;B00714A;2022-07-10 15:00;9;
351150400;B00714A;2022-07-11 10:00;9;
351150400;B00714A;2022-07-11 13:00;13;
351150400;B00714A;2022-07-11 17:00;11;
351150400;B00714A;2022-07-12 08:00;10;
351150400;B00714A;2022-07-12 09:00;11;
351150400;B00714A;2022-07-12 12:00;10;
351150400;B00714A;2022-07-12 13:00;11;
351150400;B00714A;2022-07-12 14:00;10;
351150400;B00714A;2022-07-12 15:00;9;
351150400;B00714A;2022-07-12 18:00;9;
351150400;B00714A;2022-07-13 13:00;8;
351150400;B00714A;2022-07-13 14:00;9;
351150400;B00714A;2022-07-14 13:00;8;
351150400;B00714A;2022-07-14 15:00;8;
351150400;B00714A;2022-07-15 01:00;9;
351150400;B00714A;2022-07-15 07:00;9;
351150400;B00714A;2022-07-15 12:00;10;
351150400;B00714A;2022-07-15 13:00;9;
351150400;B00714A;2022-07-15 17:00;9;
351150400;B00714A;2022-07-16 02:00;7;
351150400;B00714A;2022-07-16 06:00;8;
351150400;B00714A;2022-07-16 08:00;11;
351150400;B00714A;2022-07-16 11:00;10;
351150400;B00714A;2022-07-16 13:00;14;
351150400;B00714A;2022-07-16 14:00;15;
351150400;B00714A;2022-07-16 15:00;11;
351150400;B00714A;2022-07-16 16:00;11;
351150400;B00714A;2022-07-16 17:00;10;
351150400;B00714A;2022-07-17 10:00;8;
351150400;B00714A;2022-07-17 11:00;9;
351150400;B00714A;2022-07-17 13:00;9;
351150400;B00714A;2022-07-17 14:00;8;
351150400;B00714A;2022-07-21 12:00;11;
351150400;B00714A;2022-07-21 15:00;10;
351150400;B00714A;2022-07-21 16:00;11;
351150400;B00714A;2022-07-21 17:00;11;
351150400;B00714A;2022-07-26 02:00;10;
351150400;B00714A;2022-07-26 12:00;10;
351150400;B00714A;2022-07-26 14:00;9;
351150400;B00714A;2022-07-26 16:00;12;
351150400;B00714A;2022-07-27 09:00;9;
351150400;B00714A;2022-07-27 14:00;9;
351150400;B00714A;2022-07-27 16:00;9;
351150400;B00714A;2022-07-31 13:00;10;
351150400;B00714A;2022-07-31 16:00;8;
352150300;B00714A;2022-07-01 14:00;10;
352150300;B00714A;2022-07-04 13:00;9;
352150300;B00714A;2022-07-06 11:00;9;
352150300;B00714A;2022-07-08 11:00;10;
352150300;B00714A;2022-07-08 15:00;9;
352150300;B00714A;2022-07-11 13:00;9;
352150300;B00714A;2022-07-12 10:00;9;
352150300;B00714A;2022-07-12 11:00;10;
352150300;B00714A;2022-07-12 13:00;10;
352150300;B00714A;2022-07-13 13:00;10;
352150300;B00714A;2022-07-14 23:00;10;
352150300;B00714A;2022-07-15 10:00;10;
352150300;B00714A;2022-07-15 13:00;9;
352150300;B00714A;2022-07-16 11:00;14;
352150300;B00714A;2022-07-16 13:00;13;
352150300;B00714A;2022-07-16 14:00;11;
352150300;B00714A;2022-07-16 15:00;11;
352150300;B00714A;2022-07-16 16:00;12;
352150300;B00714A;2022-07-16 17:00;11;
352150300;B00714A;2022-07-17 13:00;9;
352150300;B00714A;2022-07-21 18:00;9;
352150300;B00714A;2022-07-27 09:00;10;
352140310;B00714A;2022-07-01 12:00;11;
352140310;B00714A;2022-07-01 13:00;10;
352140310;B00714A;2022-07-01 16:00;11;
352140310;B00714A;2022-07-06 10:00;10;
352140310;B00714A;2022-07-08 10:00;10;
352140310;B00714A;2022-07-09 19:00;11;
352140310;B00714A;2022-07-10 08:00;9;
352140310;B00714A;2022-07-10 09:00;10;
352140310;B00714A;2022-07-10 12:00;10;
352140310;B00714A;2022-07-12 10:00;10;
352140310;B00714A;2022-07-12 14:00;11;
352140310;B00714A;2022-07-14 14:00;9;
352140310;B00714A;2022-07-15 08:00;10;
352140310;B00714A;2022-07-15 15:00;9;
352140310;B00714A;2022-07-16 12:00;12;
352140310;B00714A;2022-07-16 13:00;13;
352140310;B00714A;2022-07-16 14:00;13;
352140310;B00714A;2022-07-16 15:00;12;
352140310;B00714A;2022-07-16 16:00;11;
352140310;B00714A;2022-07-16 17:00;10;
352140310;B00714A;2022-07-25 11:00;10;
352140310;B00714A;2022-07-25 19:00;17;
352140310;B00714A;2022-07-25 22:00;9;
352140310;B00714A;2022-07-26 09:00;9;
354160105;B00714A;2022-07-01 16:00;8;
354160105;B00714A;2022-07-01 22:00;11;
354160105;B00714A;2022-07-02 02:00;10;
354160105;B00714A;2022-07-02 03:00;11;
354160105;B00714A;2022-07-02 10:00;10;
354160105;B00714A;2022-07-03 09:00;8;
354160105;B00714A;2022-07-03 11:00;10;
354160105;B00714A;2022-07-04 12:00;10;
354160105;B00714A;2022-07-06 10:00;10;
354160105;B00714A;2022-07-08 09:00;10;
354160105;B00714A;2022-07-08 11:00;12;
354160105;B00714A;2022-07-08 12:00;12;
354160105;B00714A;2022-07-09 15:00;12;
354160105;B00714A;2022-07-09 21:00;9;
354160105;B00714A;2022-07-10 01:00;9;
354160105;B00714A;2022-07-10 13:00;12;
354160105;B00714A;2022-07-10 15:00;12;
354160105;B00714A;2022-07-11 13:00;9;
354160105;B00714A;2022-07-12 13:00;11;
354160105;B00714A;2022-07-12 14:00;10;
354160105;B00714A;2022-07-12 17:00;10;
354160105;B00714A;2022-07-14 10:00;11;
354160105;B00714A;2022-07-14 12:00;10;
354160105;B00714A;2022-07-15 07:00;11;
354160105;B00714A;2022-07-15 08:00;10;
354160105;B00714A;2022-07-15 10:00;11;
354160105;B00714A;2022-07-15 12:00;12;
354160105;B00714A;2022-07-15 13:00;15;
354160105;B00714A;2022-07-15 15:00;12;
354160105;B00714A;2022-07-16 11:00;14;
354160105;B00714A;2022-07-16 12:00;14;
354160105;B00714A;2022-07-16 14:00;14;
354160105;B00714A;2022-07-16 15:00;16;
354160105;B00714A;2022-07-16 16:00;11;
354160105;B00714A;2022-07-16 17:00;13;
354160105;B00714A;2022-07-16 18:00;11;
354160105;B00714A;2022-07-25 20:00;10;
354160105;B00714A;2022-07-26 13:00;11;
354160105;B00714A;2022-07-27 12:00;9;
354160105;B00714A;2022-07-27 17:00;11;
354160105;B00714A;2022-07-29 07:00;7;
354160105;B00714A;2022-07-30 06:00;16;
353150210;B00714A;2022-07-01 16:00;9;
353150210;B00714A;2022-07-04 12:00;9;
353150210;B00714A;2022-07-05 13:00;8;
353150210;B00714A;2022-07-07 18:00;7;
353150210;B00714A;2022-07-08 18:00;8;
353150210;B00714A;2022-07-10 14:00;11;
353150210;B00714A;2022-07-15 06:00;11;
353150210;B00714A;2022-07-15 08:00;11;
353150210;B00714A;2022-07-16 10:00;11;
353150210;B00714A;2022-07-16 13:00;13;
353150210;B00714A;2022-07-16 14:00;11;
353150210;B00714A;2022-07-16 16:00;12;
353150210;B00714A;2022-07-16 17:00;11;
353150210;B00714A;2022-07-25 10:00;11;
353150210;B00714A;2022-07-25 14:00;10;
353150210;B00714A;2022-07-25 19:00;15;
354150100;B00714A;2022-07-01 11:00;7;
354150100;B00714A;2022-07-01 15:00;11;
354150100;B00714A;2022-07-01 21:00;15;
354150100;B00714A;2022-07-02 00:00;12;
354150100;B00714A;2022-07-02 08:00;13;
354150100;B00714A;2022-07-02 09:00;14;
354150100;B00714A;2022-07-02 10:00;12;
354150100;B00714A;2022-07-03 08:00;11;
354150100;B00714A;2022-07-03 10:00;11;
354150100;B00714A;2022-07-03 12:00;11;
354150100;B00714A;2022-07-03 13:00;10;
354150100;B00714A;2022-07-03 15:00;10;
354150100;B00714A;2022-07-03 20:00;7;
354150100;B00714A;2022-07-04 00:00;13;
354150100;B00714A;2022-07-04 09:00;12;
354150100;B00714A;2022-07-04 11:00;12;
354150100;B00714A;2022-07-05 08:00;13;
354150100;B00714A;2022-07-05 09:00;13;
354150100;B00714A;2022-07-05 11:00;13;
354150100;B00714A;2022-07-05 12:00;13;
354150100;B00714A;2022-07-05 21:00;9;
354150100;B00714A;2022-07-06 04:00;8;
354150100;B00714A;2022-07-06 05:00;10;
354150100;B00714A;2022-07-06 09:00;13;
354150100;B00714A;2022-07-06 10:00;14;
354150100;B00714A;2022-07-06 13:00;8;
354150100;B00714A;2022-07-06 15:00;13;
354150100;B00714A;2022-07-06 16:00;13;
354150100;B00714A;2022-07-06 18:00;14;
354150100;B00714A;2022-07-06 19:00;15;
354150100;B00714A;2022-07-06 21:00;8;
354150100;B00714A;2022-07-06 22:00;8;
354150100;B00714A;2022-07-06 23:00;9;
354150100;B00714A;2022-07-07 00:00;8;
354150100;B00714A;2022-07-07 01:00;8;
354150100;B00714A;2022-07-07 03:00;8;
354150100;B00714A;2022-07-07 04:00;8;
354150100;B00714A;2022-07-07 05:00;9;
354150100;B00714A;2022-07-07 06:00;10;
354150100;B00714A;2022-07-07 07:00;10;
354150100;B00714A;2022-07-07 10:00;10;
354150100;B00714A;2022-07-07 20:00;13;
354150100;B00714A;2022-07-08 14:00;13;
354150100;B00714A;2022-07-08 17:00;14;
354150100;B00714A;2022-07-08 18:00;14;
354150100;B00714A;2022-07-08 19:00;15;
354150100;B00714A;2022-07-09 12:00;16;
354150100;B00714A;2022-07-09 13:00;15;
354150100;B00714A;2022-07-10 20:00;16;
354150100;B00714A;2022-07-12 17:00;12;
354150100;B00714A;2022-07-12 18:00;14;
354150100;B00714A;2022-07-12 19:00;15;
354150100;B00714A;2022-07-12 22:00;15;
354150100;B00714A;2022-07-13 03:00;14;
354150100;B00714A;2022-07-13 05:00;14;
354150100;B00714A;2022-07-13 10:00;13;
354150100;B00714A;2022-07-13 11:00;12;
354150100;B00714A;2022-07-13 22:00;16;
354150100;B00714A;2022-07-14 02:00;16;
354150100;B00714A;2022-07-14 04:00;12;
354150100;B00714A;2022-07-14 19:00;15;
354150100;B00714A;2022-07-15 05:00;18;
354150100;B00714A;2022-07-15 08:00;15;
354150100;B00714A;2022-07-15 10:00;18;
354150100;B00714A;2022-07-16 02:00;9;
354150100;B00714A;2022-07-16 03:00;8;
354150100;B00714A;2022-07-16 04:00;9;
354150100;B00714A;2022-07-16 05:00;8;
354150100;B00714A;2022-07-16 06:00;9;
354150100;B00714A;2022-07-16 07:00;9;
354150100;B00714A;2022-07-16 17:00;19;
354150100;B00714A;2022-07-16 19:00;11;
354150100;B00714A;2022-07-16 20:00;17;
354150100;B00714A;2022-07-16 23:00;17;
354150100;B00714A;2022-07-17 19:00;14;
354150100;B00714A;2022-07-17 21:00;14;
354150100;B00714A;2022-07-17 22:00;13;
354150100;B00714A;2022-07-18 04:00;8;
354150100;B00714A;2022-07-18 08:00;13;
354150100;B00714A;2022-07-18 10:00;13;
354150100;B00714A;2022-07-20 16:00;11;
354150100;B00714A;2022-07-20 21:00;8;
354150100;B00714A;2022-07-20 23:00;10;
354150100;B00714A;2022-07-21 00:00;10;
354150100;B00714A;2022-07-21 01:00;11;
354150100;B00714A;2022-07-21 04:00;12;
354150100;B00714A;2022-07-21 10:00;13;
354150100;B00714A;2022-07-21 12:00;11;
354150100;B00714A;2022-07-21 22:00;9;
354150100;B00714A;2022-07-22 12:00;14;
354150100;B00714A;2022-07-22 15:00;13;
354150100;B00714A;2022-07-22 16:00;13;
354150100;B00714A;2022-07-23 11:00;12;
354150100;B00714A;2022-07-23 23:00;16;
354150100;B00714A;2022-07-24 00:00;15;
354150100;B00714A;2022-07-24 02:00;15;
354150100;B00714A;2022-07-24 03:00;14;
354150100;B00714A;2022-07-24 07:00;11;
354150100;B00714A;2022-07-24 09:00;11;
354150100;B00714A;2022-07-25 07:00;11;
354150100;B00714A;2022-07-25 10:00;14;
354150100;B00714A;2022-07-25 11:00;12;
354150100;B00714A;2022-07-25 12:00;13;
354150100;B00714A;2022-07-25 13:00;12;
354150100;B00714A;2022-07-25 15:00;14;
354150100;B00714A;2022-07-25 16:00;11;
354150100;B00714A;2022-07-25 17:00;11;
354150100;B00714A;2022-07-25 18:00;12;
354150100;B00714A;2022-07-25 19:00;19;
354150100;B00714A;2022-07-25 22:00;14;
354150100;B00714A;2022-07-26 00:00;18;
354150100;B00714A;2022-07-26 06:00;14;
354150100;B00714A;2022-07-26 11:00;13;
354150100;B00714A;2022-07-26 12:00;14;
354150100;B00714A;2022-07-26 13:00;14;
354150100;B00714A;2022-07-26 14:00;14;
354150100;B00714A;2022-07-26 15:00;13;
354150100;B00714A;2022-07-26 16:00;14;
354150100;B00714A;2022-07-27 04:00;9;
354150100;B00714A;2022-07-27 07:00;12;
354150100;B00714A;2022-07-27 08:00;11;
354150100;B00714A;2022-07-27 09:00;14;
354150100;B00714A;2022-07-27 14:00;16;
354150100;B00714A;2022-07-28 00:00;15;
354150100;B00714A;2022-07-28 03:00;13;
354150100;B00714A;2022-07-28 15:00;8;
354150100;B00714A;2022-07-29 08:00;10;
354150100;B00714A;2022-07-29 09:00;11;
354150100;B00714A;2022-07-29 14:00;12;
354150100;B00714A;2022-07-29 15:00;12;
354150100;B00714A;2022-07-29 16:00;11;
354150100;B00714A;2022-07-29 17:00;13;
354150100;B00714A;2022-07-29 18:00;11;
354150100;B00714A;2022-07-29 21:00;11;
354160115;B00714A;2022-07-01 17:00;12;
354160115;B00714A;2022-07-02 01:00;11;
354160115;B00714A;2022-07-02 02:00;14;
354160115;B00714A;2022-07-04 10:00;10;
354160115;B00714A;2022-07-04 15:00;10;
354160115;B00714A;2022-07-06 06:00;11;
354160115;B00714A;2022-07-06 17:00;14;
354160115;B00714A;2022-07-06 18:00;12;
354160115;B00714A;2022-07-06 20:00;12;
354160115;B00714A;2022-07-06 23:00;12;
354160115;B00714A;2022-07-07 13:00;11;
354160115;B00714A;2022-07-08 15:00;11;
354160115;B00714A;2022-07-08 20:00;10;
354160115;B00714A;2022-07-08 23:00;11;
354160115;B00714A;2022-07-09 09:00;13;
354160115;B00714A;2022-07-09 11:00;12;
354160115;B00714A;2022-07-09 12:00;12;
354160115;B00714A;2022-07-09 13:00;13;
354160115;B00714A;2022-07-09 14:00;13;
354160115;B00714A;2022-07-09 15:00;13;
354160115;B00714A;2022-07-09 16:00;13;
354160115;B00714A;2022-07-09 17:00;14;
354160115;B00714A;2022-07-09 20:00;13;
354160115;B00714A;2022-07-10 00:00;14;
354160115;B00714A;2022-07-12 15:00;11;
354160115;B00714A;2022-07-12 16:00;12;
354160115;B00714A;2022-07-12 18:00;10;
354160115;B00714A;2022-07-13 16:00;11;
354160115;B00714A;2022-07-13 17:00;11;
354160115;B00714A;2022-07-14 08:00;12;
354160115;B00714A;2022-07-14 09:00;13;
354160115;B00714A;2022-07-14 10:00;13;
354160115;B00714A;2022-07-14 11:00;12;
354160115;B00714A;2022-07-14 15:00;11;
354160115;B00714A;2022-07-14 17:00;12;
354160115;B00714A;2022-07-14 18:00;13;
354160115;B00714A;2022-07-14 19:00;13;
354160115;B00714A;2022-07-14 23:00;12;
354160115;B00714A;2022-07-15 06:00;13;
354160115;B00714A;2022-07-15 08:00;15;
354160115;B00714A;2022-07-15 10:00;12;
354160115;B00714A;2022-07-15 11:00;13;
354160115;B00714A;2022-07-15 12:00;13;
354160115;B00714A;2022-07-15 13:00;14;
354160115;B00714A;2022-07-15 14:00;14;
354160115;B00714A;2022-07-15 15:00;13;
354160115;B00714A;2022-07-15 16:00;15;
354160115;B00714A;2022-07-15 17:00;14;
354160115;B00714A;2022-07-15 19:00;14;
354160115;B00714A;2022-07-15 20:00;12;
354160115;B00714A;2022-07-15 21:00;12;
354160115;B00714A;2022-07-16 02:00;15;
354160115;B00714A;2022-07-17 10:00;11;
354160115;B00714A;2022-07-17 14:00;13;
354160115;B00714A;2022-07-17 16:00;11;
354160115;B00714A;2022-07-17 19:00;12;
354160115;B00714A;2022-07-17 20:00;11;
354160115;B00714A;2022-07-21 12:00;10;
354160115;B00714A;2022-07-23 12:00;10;
354160115;B00714A;2022-07-23 13:00;11;
354160115;B00714A;2022-07-23 14:00;11;
354160115;B00714A;2022-07-23 20:00;12;
354160115;B00714A;2022-07-23 21:00;13;
354160115;B00714A;2022-07-23 22:00;12;
354160115;B00714A;2022-07-23 23:00;13;
354160115;B00714A;2022-07-24 00:00;14;
354160115;B00714A;2022-07-24 12:00;10;
354160115;B00714A;2022-07-25 09:00;11;
354160115;B00714A;2022-07-26 08:00;11;
354160115;B00714A;2022-07-26 17:00;13;
354160115;B00714A;2022-07-26 18:00;12;
354160115;B00714A;2022-07-26 23:00;12;
354160115;B00714A;2022-07-27 04:00;11;
354160115;B00714A;2022-07-27 05:00;11;
354160115;B00714A;2022-07-27 06:00;12;
354160115;B00714A;2022-07-27 10:00;10;
354160115;B00714A;2022-07-27 11:00;13;
354160115;B00714A;2022-07-27 12:00;13;
354160115;B00714A;2022-07-27 13:00;12;
354160115;B00714A;2022-07-27 14:00;15;
354160115;B00714A;2022-07-27 15:00;13;
354160115;B00714A;2022-07-27 16:00;14;
354160115;B00714A;2022-07-27 17:00;14;
354160115;B00714A;2022-07-27 18:00;12;
354160115;B00714A;2022-07-27 19:00;12;
354160115;B00714A;2022-07-27 20:00;12;
354160115;B00714A;2022-07-29 17:00;9;
354170125;B00714A;2022-07-01 14:00;11;
354170125;B00714A;2022-07-01 15:00;11;
354170125;B00714A;2022-07-01 16:00;12;
354170125;B00714A;2022-07-01 17:00;25;
354170125;B00714A;2022-07-02 03:00;10;
354170125;B00714A;2022-07-02 04:00;10;
354170125;B00714A;2022-07-02 09:00;10;
354170125;B00714A;2022-07-07 09:00;11;
354170125;B00714A;2022-07-08 12:00;11;
354170125;B00714A;2022-07-08 16:00;10;
354170125;B00714A;2022-07-09 16:00;11;
354170125;B00714A;2022-07-09 17:00;11;
354170125;B00714A;2022-07-10 08:00;9;
354170125;B00714A;2022-07-10 11:00;11;
354170125;B00714A;2022-07-10 14:00;12;
354170125;B00714A;2022-07-12 08:00;10;
354170125;B00714A;2022-07-12 13:00;12;
354170125;B00714A;2022-07-12 14:00;12;
354170125;B00714A;2022-07-13 15:00;10;
354170125;B00714A;2022-07-14 12:00;11;
354170125;B00714A;2022-07-15 07:00;11;
354170125;B00714A;2022-07-15 13:00;12;
354170125;B00714A;2022-07-15 17:00;10;
354170125;B00714A;2022-07-15 18:00;10;
354170125;B00714A;2022-07-16 07:00;10;
354170125;B00714A;2022-07-17 12:00;12;
354170125;B00714A;2022-07-17 17:00;10;
354170125;B00714A;2022-07-21 13:00;9;
354170125;B00714A;2022-07-22 14:00;12;
354170125;B00714A;2022-07-26 15:00;10;
354170125;B00714A;2022-07-27 09:00;10;
354170125;B00714A;2022-07-27 15:00;10;
354170125;B00714A;2022-07-27 19:00;10;
354170125;B00714A;2022-07-28 10:00;9;
354180135;B00714A;2022-07-01 17:00;10;
354180135;B00714A;2022-07-01 18:00;17;
354180135;B00714A;2022-07-02 04:00;10;
354180135;B00714A;2022-07-02 08:00;10;
354180135;B00714A;2022-07-02 13:00;8;
354180135;B00714A;2022-07-02 14:00;10;
354180135;B00714A;2022-07-02 15:00;9;
354180135;B00714A;2022-07-04 14:00;9;
354180135;B00714A;2022-07-04 17:00;9;
354180135;B00714A;2022-07-04 20:00;10;
354180135;B00714A;2022-07-05 14:00;11;
354180135;B00714A;2022-07-06 11:00;10;
354180135;B00714A;2022-07-06 13:00;8;
354180135;B00714A;2022-07-07 00:00;10;
354180135;B00714A;2022-07-08 11:00;10;
354180135;B00714A;2022-07-08 14:00;11;
354180135;B00714A;2022-07-08 15:00;11;
354180135;B00714A;2022-07-08 16:00;10;
354180135;B00714A;2022-07-08 23:00;10;
354180135;B00714A;2022-07-09 13:00;10;
354180135;B00714A;2022-07-09 14:00;9;
354180135;B00714A;2022-07-09 15:00;12;
354180135;B00714A;2022-07-09 18:00;11;
354180135;B00714A;2022-07-09 20:00;11;
354180135;B00714A;2022-07-09 21:00;10;
354180135;B00714A;2022-07-10 03:00;11;
354180135;B00714A;2022-07-10 09:00;10;
354180135;B00714A;2022-07-10 10:00;12;
354180135;B00714A;2022-07-10 11:00;11;
354180135;B00714A;2022-07-10 12:00;11;
354180135;B00714A;2022-07-10 13:00;11;
354180135;B00714A;2022-07-10 14:00;12;
354180135;B00714A;2022-07-11 13:00;10;
354180135;B00714A;2022-07-11 14:00;10;
354180135;B00714A;2022-07-11 15:00;10;
354180135;B00714A;2022-07-11 17:00;9;
354180135;B00714A;2022-07-12 05:00;11;
354180135;B00714A;2022-07-12 06:00;10;
354180135;B00714A;2022-07-12 07:00;11;
354180135;B00714A;2022-07-12 08:00;10;
354180135;B00714A;2022-07-12 09:00;14;
354180135;B00714A;2022-07-12 10:00;11;
354180135;B00714A;2022-07-12 11:00;13;
354180135;B00714A;2022-07-12 12:00;14;
354180135;B00714A;2022-07-12 13:00;14;
354180135;B00714A;2022-07-12 14:00;15;
354180135;B00714A;2022-07-12 15:00;15;
354180135;B00714A;2022-07-12 16:00;12;
354180135;B00714A;2022-07-12 17:00;12;
354180135;B00714A;2022-07-12 19:00;10;
354180135;B00714A;2022-07-13 00:00;10;
354180135;B00714A;2022-07-13 05:00;11;
354180135;B00714A;2022-07-13 06:00;10;
354180135;B00714A;2022-07-13 07:00;11;
354180135;B00714A;2022-07-13 09:00;10;
354180135;B00714A;2022-07-13 14:00;12;
354180135;B00714A;2022-07-13 17:00;12;
354180135;B00714A;2022-07-14 03:00;13;
354180135;B00714A;2022-07-14 05:00;11;
354180135;B00714A;2022-07-14 06:00;11;
354180135;B00714A;2022-07-14 07:00;12;
354180135;B00714A;2022-07-14 08:00;12;
354180135;B00714A;2022-07-14 09:00;11;
354180135;B00714A;2022-07-14 10:00;11;
354180135;B00714A;2022-07-14 12:00;10;
354180135;B00714A;2022-07-14 13:00;10;
354180135;B00714A;2022-07-14 14:00;11;
354180135;B00714A;2022-07-14 17:00;10;
354180135;B00714A;2022-07-14 18:00;12;
354180135;B00714A;2022-07-14 22:00;11;
354180135;B00714A;2022-07-14 23:00;11;
354180135;B00714A;2022-07-15 03:00;13;
354180135;B00714A;2022-07-15 04:00;12;
354180135;B00714A;2022-07-15 06:00;13;
354180135;B00714A;2022-07-15 07:00;12;
354180135;B00714A;2022-07-15 08:00;15;
354180135;B00714A;2022-07-15 09:00;13;
354180135;B00714A;2022-07-15 10:00;13;
354180135;B00714A;2022-07-15 11:00;14;
354180135;B00714A;2022-07-15 12:00;14;
354180135;B00714A;2022-07-15 13:00;12;
354180135;B00714A;2022-07-15 14:00;14;
354180135;B00714A;2022-07-15 15:00;14;
354180135;B00714A;2022-07-15 16:00;13;
354180135;B00714A;2022-07-15 18:00;11;
354180135;B00714A;2022-07-15 19:00;13;
354180135;B00714A;2022-07-15 21:00;11;
354180135;B00714A;2022-07-15 23:00;12;
354180135;B00714A;2022-07-16 00:00;11;
354180135;B00714A;2022-07-17 00:00;9;
354180135;B00714A;2022-07-17 08:00;10;
354180135;B00714A;2022-07-17 10:00;10;
354180135;B00714A;2022-07-17 12:00;10;
354180135;B00714A;2022-07-17 13:00;10;
354180135;B00714A;2022-07-17 14:00;10;
354180135;B00714A;2022-07-18 00:00;10;
354180135;B00714A;2022-07-18 01:00;10;
354180135;B00714A;2022-07-18 02:00;10;
354180135;B00714A;2022-07-23 18:00;11;
354180135;B00714A;2022-07-23 19:00;12;
354180135;B00714A;2022-07-23 20:00;10;
354180135;B00714A;2022-07-23 22:00;10;
354180135;B00714A;2022-07-24 01:00;10;
354180135;B00714A;2022-07-24 08:00;11;
354180135;B00714A;2022-07-24 09:00;11;
354180135;B00714A;2022-07-24 14:00;8;
354180135;B00714A;2022-07-26 17:00;13;
354180135;B00714A;2022-07-26 18:00;13;
354180135;B00714A;2022-07-26 19:00;12;
354180135;B00714A;2022-07-27 09:00;11;
354180135;B00714A;2022-07-27 12:00;12;
354180135;B00714A;2022-07-27 15:00;12;
354180135;B00714A;2022-07-27 16:00;10;
354180135;B00714A;2022-07-27 17:00;10;
354180135;B00714A;2022-07-28 01:00;11;
354180135;B00714A;2022-07-28 07:00;11;
354180135;B00714A;2022-07-28 08:00;10;
354180135;B00714A;2022-07-28 09:00;10;
354180135;B00714A;2022-07-28 11:00;10;
354180135;B00714A;2022-07-28 12:00;10;
354180135;B00714A;2022-07-28 13:00;10;
354180135;B00714A;2022-07-28 14:00;10;
354180135;B00714A;2022-07-30 13:00;9;
354180135;B00714A;2022-07-30 14:00;10;
354180135;B00714A;2022-07-30 16:00;9;
354180135;B00714A;2022-07-30 17:00;9;
354170120;B00714A;2022-07-01 15:00;12;
354170120;B00714A;2022-07-01 17:00;24;
354170120;B00714A;2022-07-04 12:00;12;
354170120;B00714A;2022-07-08 13:00;12;
354170120;B00714A;2022-07-09 02:00;11;
354170120;B00714A;2022-07-09 10:00;12;
354170120;B00714A;2022-07-09 14:00;15;
354170120;B00714A;2022-07-09 16:00;14;
354170120;B00714A;2022-07-09 17:00;14;
354170120;B00714A;2022-07-09 18:00;14;
354170120;B00714A;2022-07-10 08:00;11;
354170120;B00714A;2022-07-10 15:00;10;
354170120;B00714A;2022-07-11 03:00;8;
354170120;B00714A;2022-07-11 11:00;9;
354170120;B00714A;2022-07-13 01:00;11;
354170120;B00714A;2022-07-14 01:00;11;
354170120;B00714A;2022-07-14 07:00;13;
354170120;B00714A;2022-07-14 14:00;15;
354170120;B00714A;2022-07-15 00:00;13;
354170120;B00714A;2022-07-15 02:00;11;
354170120;B00714A;2022-07-15 03:00;11;
354170120;B00714A;2022-07-15 07:00;12;
354170120;B00714A;2022-07-15 10:00;15;
354170120;B00714A;2022-07-15 11:00;16;
354170120;B00714A;2022-07-15 12:00;16;
354170120;B00714A;2022-07-15 15:00;16;
354170120;B00714A;2022-07-16 13:00;10;
354170120;B00714A;2022-07-16 16:00;10;
354170120;B00714A;2022-07-16 20:00;9;
354170120;B00714A;2022-07-24 06:00;11;
354170120;B00714A;2022-07-26 19:00;13;
354170120;B00714A;2022-07-27 07:00;14;
349210670;B00714A;2022-07-01 14:00;7;
349210670;B00714A;2022-07-01 22:00;9;
349210670;B00714A;2022-07-02 00:00;13;
349210670;B00714A;2022-07-02 01:00;13;
349210670;B00714A;2022-07-02 02:00;8;
349210670;B00714A;2022-07-05 11:00;9;
349210670;B00714A;2022-07-05 22:00;8;
349210670;B00714A;2022-07-06 05:00;10;
349210670;B00714A;2022-07-06 09:00;10;
349210670;B00714A;2022-07-06 11:00;10;
349210670;B00714A;2022-07-06 14:00;10;
349210670;B00714A;2022-07-10 11:00;10;
349210670;B00714A;2022-07-10 12:00;11;
349210670;B00714A;2022-07-10 13:00;8;
349210670;B00714A;2022-07-12 08:00;9;
349210670;B00714A;2022-07-12 12:00;10;
349210670;B00714A;2022-07-12 13:00;9;
349210670;B00714A;2022-07-13 02:00;11;
349210670;B00714A;2022-07-13 06:00;10;
349210670;B00714A;2022-07-13 07:00;10;
349210670;B00714A;2022-07-13 08:00;12;
349210670;B00714A;2022-07-13 09:00;13;
349210670;B00714A;2022-07-13 11:00;12;
349210670;B00714A;2022-07-13 12:00;14;
349210670;B00714A;2022-07-13 13:00;15;
349210670;B00714A;2022-07-13 15:00;12;
349210670;B00714A;2022-07-14 16:00;10;
349210670;B00714A;2022-07-15 10:00;9;
349210670;B00714A;2022-07-17 08:00;10;
349210670;B00714A;2022-07-17 10:00;10;
349210670;B00714A;2022-07-17 11:00;11;
349210670;B00714A;2022-07-17 14:00;9;
349210670;B00714A;2022-07-17 15:00;11;
349210670;B00714A;2022-07-23 17:00;10;
349210670;B00714A;2022-07-24 09:00;10;
349210670;B00714A;2022-07-24 13:00;10;
349210670;B00714A;2022-07-26 11:00;11;
349210670;B00714A;2022-07-26 12:00;11;
349210670;B00714A;2022-07-31 15:00;9;
349220690;B00714A;2022-07-02 01:00;12;
349220690;B00714A;2022-07-02 02:00;9;
349220690;B00714A;2022-07-06 10:00;8;
349220690;B00714A;2022-07-08 17:00;9;
349220690;B00714A;2022-07-10 13:00;9;
349220690;B00714A;2022-07-10 14:00;9;
349220690;B00714A;2022-07-11 10:00;9;
349220690;B00714A;2022-07-11 13:00;9;
349220690;B00714A;2022-07-11 17:00;9;
349220690;B00714A;2022-07-12 10:00;10;
349220690;B00714A;2022-07-12 12:00;11;
349220690;B00714A;2022-07-12 13:00;10;
349220690;B00714A;2022-07-13 10:00;14;
349220690;B00714A;2022-07-13 11:00;13;
349220690;B00714A;2022-07-13 12:00;14;
349220690;B00714A;2022-07-13 13:00;12;
349220690;B00714A;2022-07-13 14:00;12;
349220690;B00714A;2022-07-13 15:00;10;
349220690;B00714A;2022-07-13 16:00;11;
349220690;B00714A;2022-07-15 15:00;8;
349220690;B00714A;2022-07-17 09:00;9;
349220690;B00714A;2022-07-17 10:00;9;
349220690;B00714A;2022-07-23 19:00;12;
349220690;B00714A;2022-07-26 13:00;10;
349220690;B00714A;2022-07-26 14:00;13;
349220690;B00714A;2022-07-31 15:00;9;
350220580;B00714A;2022-07-05 12:00;10;
350220580;B00714A;2022-07-06 12:00;10;
350220580;B00714A;2022-07-09 10:00;9;
350220580;B00714A;2022-07-09 13:00;13;
350220580;B00714A;2022-07-13 00:00;12;
350220580;B00714A;2022-07-13 10:00;14;
350220580;B00714A;2022-07-13 11:00;15;
350220580;B00714A;2022-07-13 13:00;13;
350220580;B00714A;2022-07-13 15:00;13;
350220580;B00714A;2022-07-13 16:00;13;
350220580;B00714A;2022-07-14 12:00;12;
350220580;B00714A;2022-07-14 17:00;12;
350220580;B00714A;2022-07-14 23:00;13;
350220580;B00714A;2022-07-16 09:00;8;
350220580;B00714A;2022-07-17 10:00;12;
350220580;B00714A;2022-07-17 11:00;12;
350220580;B00714A;2022-07-17 15:00;11;
350220580;B00714A;2022-07-18 15:00;8;
350220580;B00714A;2022-07-22 13:00;7;
350220580;B00714A;2022-07-23 18:00;21;
350220580;B00714A;2022-07-29 12:00;8;
350220580;B00714A;2022-07-30 15:00;11;
353140205;B00714A;2022-07-01 13:00;13;
353140205;B00714A;2022-07-01 15:00;9;
353140205;B00714A;2022-07-01 18:00;10;
353140205;B00714A;2022-07-02 10:00;8;
353140205;B00714A;2022-07-03 10:00;12;
353140205;B00714A;2022-07-03 11:00;10;
353140205;B00714A;2022-07-05 15:00;9;
353140205;B00714A;2022-07-07 06:00;9;
353140205;B00714A;2022-07-08 06:00;12;
353140205;B00714A;2022-07-08 07:00;10;
353140205;B00714A;2022-07-08 14:00;9;
353140205;B00714A;2022-07-09 18:00;9;
353140205;B00714A;2022-07-10 15:00;10;
353140205;B00714A;2022-07-11 12:00;11;
353140205;B00714A;2022-07-15 06:00;10;
353140205;B00714A;2022-07-15 08:00;11;
353140205;B00714A;2022-07-15 09:00;12;
353140205;B00714A;2022-07-15 11:00;12;
353140205;B00714A;2022-07-15 12:00;11;
353140205;B00714A;2022-07-15 13:00;10;
353140205;B00714A;2022-07-15 15:00;9;
353140205;B00714A;2022-07-16 08:00;10;
353140205;B00714A;2022-07-16 09:00;10;
353140205;B00714A;2022-07-16 10:00;12;
353140205;B00714A;2022-07-16 11:00;14;
353140205;B00714A;2022-07-16 12:00;14;
353140205;B00714A;2022-07-16 13:00;13;
353140205;B00714A;2022-07-16 14:00;13;
353140205;B00714A;2022-07-16 18:00;11;
353140205;B00714A;2022-07-25 12:00;11;
353140205;B00714A;2022-07-25 18:00;9;
353140205;B00714A;2022-07-26 13:00;10;
353140205;B00714A;2022-07-26 16:00;8;
353140205;B00714A;2022-07-26 22:00;7;
353140205;B00714A;2022-07-27 11:00;10;
353140200;B00714A;2022-07-01 17:00;11;
353140200;B00714A;2022-07-01 18:00;10;
353140200;B00714A;2022-07-01 19:00;10;
353140200;B00714A;2022-07-01 20:00;9;
353140200;B00714A;2022-07-02 00:00;9;
353140200;B00714A;2022-07-03 10:00;11;
353140200;B00714A;2022-07-03 12:00;11;
353140200;B00714A;2022-07-03 14:00;10;
353140200;B00714A;2022-07-03 17:00;9;
353140200;B00714A;2022-07-03 19:00;7;
353140200;B00714A;2022-07-03 23:00;8;
353140200;B00714A;2022-07-04 01:00;9;
353140200;B00714A;2022-07-06 11:00;10;
353140200;B00714A;2022-07-07 04:00;9;
353140200;B00714A;2022-07-07 10:00;9;
353140200;B00714A;2022-07-08 08:00;11;
353140200;B00714A;2022-07-08 12:00;12;
353140200;B00714A;2022-07-09 15:00;13;
353140200;B00714A;2022-07-09 16:00;14;
353140200;B00714A;2022-07-09 18:00;11;
353140200;B00714A;2022-07-09 19:00;12;
353140200;B00714A;2022-07-09 20:00;10;
353140200;B00714A;2022-07-09 21:00;9;
353140200;B00714A;2022-07-09 22:00;8;
353140200;B00714A;2022-07-09 23:00;10;
353140200;B00714A;2022-07-10 01:00;11;
353140200;B00714A;2022-07-10 07:00;13;
353140200;B00714A;2022-07-10 08:00;11;
353140200;B00714A;2022-07-10 09:00;12;
353140200;B00714A;2022-07-10 10:00;9;
353140200;B00714A;2022-07-12 18:00;9;
353140200;B00714A;2022-07-13 06:00;9;
353140200;B00714A;2022-07-13 14:00;8;
353140200;B00714A;2022-07-13 19:00;10;
353140200;B00714A;2022-07-13 21:00;10;
353140200;B00714A;2022-07-14 02:00;12;
353140200;B00714A;2022-07-14 11:00;9;
353140200;B00714A;2022-07-14 13:00;9;
353140200;B00714A;2022-07-14 22:00;9;
353140200;B00714A;2022-07-15 06:00;9;
353140200;B00714A;2022-07-15 07:00;10;
353140200;B00714A;2022-07-15 08:00;11;
353140200;B00714A;2022-07-15 09:00;11;
353140200;B00714A;2022-07-15 10:00;13;
353140200;B00714A;2022-07-15 11:00;15;
353140200;B00714A;2022-07-15 12:00;13;
353140200;B00714A;2022-07-15 13:00;12;
353140200;B00714A;2022-07-15 14:00;11;
353140200;B00714A;2022-07-15 15:00;10;
353140200;B00714A;2022-07-15 16:00;9;
353140200;B00714A;2022-07-16 05:00;9;
353140200;B00714A;2022-07-16 09:00;16;
353140200;B00714A;2022-07-16 10:00;14;
353140200;B00714A;2022-07-16 11:00;15;
353140200;B00714A;2022-07-16 12:00;21;
353140200;B00714A;2022-07-16 13:00;16;
353140200;B00714A;2022-07-16 14:00;16;
353140200;B00714A;2022-07-16 16:00;14;
353140200;B00714A;2022-07-16 17:00;12;
353140200;B00714A;2022-07-16 18:00;11;
353140200;B00714A;2022-07-17 10:00;9;
353140200;B00714A;2022-07-21 03:00;9;
353140200;B00714A;2022-07-21 09:00;9;
353140200;B00714A;2022-07-21 10:00;10;
353140200;B00714A;2022-07-21 11:00;12;
353140200;B00714A;2022-07-21 12:00;10;
353140200;B00714A;2022-07-21 13:00;10;
353140200;B00714A;2022-07-22 09:00;8;
353140200;B00714A;2022-07-22 12:00;9;
353140200;B00714A;2022-07-23 08:00;8;
353140200;B00714A;2022-07-23 10:00;9;
353140200;B00714A;2022-07-23 12:00;9;
353140200;B00714A;2022-07-23 14:00;8;
353140200;B00714A;2022-07-25 10:00;10;
353140200;B00714A;2022-07-26 06:00;8;
353140200;B00714A;2022-07-26 08:00;8;
353140200;B00714A;2022-07-26 13:00;12;
353140200;B00714A;2022-07-26 14:00;10;
353140200;B00714A;2022-07-26 15:00;12;
353140200;B00714A;2022-07-26 16:00;11;
353140200;B00714A;2022-07-27 06:00;9;
353140200;B00714A;2022-07-27 10:00;12;
353140200;B00714A;2022-07-27 11:00;11;
353140200;B00714A;2022-07-27 17:00;10;
353170235;B00714A;2022-07-01 13:00;11;
353170235;B00714A;2022-07-01 14:00;11;
353170235;B00714A;2022-07-01 16:00;31;
353170235;B00714A;2022-07-01 17:00;8;
353170235;B00714A;2022-07-02 02:00;9;
353170235;B00714A;2022-07-02 03:00;8;
353170235;B00714A;2022-07-06 08:00;9;
353170235;B00714A;2022-07-06 11:00;10;
353170235;B00714A;2022-07-07 10:00;11;
353170235;B00714A;2022-07-08 07:00;8;
353170235;B00714A;2022-07-08 09:00;9;
353170235;B00714A;2022-07-08 11:00;10;
353170235;B00714A;2022-07-08 15:00;8;
353170235;B00714A;2022-07-09 12:00;9;
353170235;B00714A;2022-07-09 15:00;9;
353170235;B00714A;2022-07-09 16:00;10;
353170235;B00714A;2022-07-10 07:00;8;
353170235;B00714A;2022-07-12 09:00;12;
353170235;B00714A;2022-07-12 11:00;11;
353170235;B00714A;2022-07-12 12:00;12;
353170235;B00714A;2022-07-12 14:00;13;
353170235;B00714A;2022-07-12 15:00;12;
353170235;B00714A;2022-07-12 16:00;13;
353170235;B00714A;2022-07-12 19:00;9;
353170235;B00714A;2022-07-12 23:00;8;
353170235;B00714A;2022-07-13 08:00;7;
353170235;B00714A;2022-07-14 06:00;9;
353170235;B00714A;2022-07-14 08:00;11;
353170235;B00714A;2022-07-14 11:00;10;
353170235;B00714A;2022-07-15 06:00;10;
353170235;B00714A;2022-07-15 09:00;13;
353170235;B00714A;2022-07-15 10:00;11;
353170235;B00714A;2022-07-15 11:00;11;
353170235;B00714A;2022-07-15 12:00;12;
353170235;B00714A;2022-07-15 13:00;10;
353170235;B00714A;2022-07-15 14:00;11;
353170235;B00714A;2022-07-15 15:00;10;
353170235;B00714A;2022-07-15 16:00;10;
353170235;B00714A;2022-07-15 17:00;11;
353170235;B00714A;2022-07-16 11:00;9;
353170235;B00714A;2022-07-16 12:00;11;
353170235;B00714A;2022-07-16 13:00;13;
353170235;B00714A;2022-07-16 14:00;11;
353170235;B00714A;2022-07-16 15:00;8;
353170235;B00714A;2022-07-17 12:00;8;
353170235;B00714A;2022-07-17 15:00;8;
353170235;B00714A;2022-07-18 11:00;9;
353170235;B00714A;2022-07-19 10:00;9;
353170235;B00714A;2022-07-21 18:00;8;
353170235;B00714A;2022-07-22 03:00;8;
353170235;B00714A;2022-07-24 06:00;8;
353170235;B00714A;2022-07-25 12:00;10;
353170235;B00714A;2022-07-26 14:00;8;
353170235;B00714A;2022-07-27 11:00;9;
353170235;B00714A;2022-07-27 13:00;9;
353170235;B00714A;2022-07-27 15:00;8;
353170235;B00714A;2022-07-31 13:00;8;
353180250;B00714A;2022-07-01 10:00;10;
353180250;B00714A;2022-07-01 12:00;10;
353180250;B00714A;2022-07-01 15:00;16;
353180250;B00714A;2022-07-01 17:00;9;
353180250;B00714A;2022-07-06 10:00;8;
353180250;B00714A;2022-07-07 08:00;8;
353180250;B00714A;2022-07-07 10:00;9;
353180250;B00714A;2022-07-08 10:00;9;
353180250;B00714A;2022-07-08 11:00;10;
353180250;B00714A;2022-07-09 12:00;9;
353180250;B00714A;2022-07-09 13:00;11;
353180250;B00714A;2022-07-09 16:00;8;
353180250;B00714A;2022-07-09 17:00;9;
353180250;B00714A;2022-07-10 08:00;9;
353180250;B00714A;2022-07-10 10:00;10;
353180250;B00714A;2022-07-10 11:00;10;
353180250;B00714A;2022-07-10 12:00;10;
353180250;B00714A;2022-07-12 09:00;11;
353180250;B00714A;2022-07-12 11:00;12;
353180250;B00714A;2022-07-12 12:00;12;
353180250;B00714A;2022-07-12 14:00;13;
353180250;B00714A;2022-07-12 15:00;14;
353180250;B00714A;2022-07-12 16:00;11;
353180250;B00714A;2022-07-12 17:00;12;
353180250;B00714A;2022-07-12 18:00;10;
353180250;B00714A;2022-07-13 06:00;9;
353180250;B00714A;2022-07-13 11:00;9;
353180250;B00714A;2022-07-15 05:00;8;
353180250;B00714A;2022-07-15 07:00;9;
353180250;B00714A;2022-07-15 09:00;10;
353180250;B00714A;2022-07-15 11:00;9;
353180250;B00714A;2022-07-15 15:00;9;
353180250;B00714A;2022-07-16 10:00;9;
353180250;B00714A;2022-07-16 11:00;12;
353180250;B00714A;2022-07-16 15:00;11;
353180250;B00714A;2022-07-17 11:00;10;
353180250;B00714A;2022-07-17 12:00;10;
353180250;B00714A;2022-07-19 09:00;9;
353180250;B00714A;2022-07-24 11:00;7;
353180250;B00714A;2022-07-24 12:00;8;
353180250;B00714A;2022-07-27 09:00;8;
353180250;B00714A;2022-07-27 13:00;9;
353180250;B00714A;2022-07-30 13:00;9;
353180250;B00714A;2022-07-31 11:00;8;
353180250;B00714A;2022-07-31 14:00;9;
354180155;B00714A;2022-07-01 15:00;12;
354180155;B00714A;2022-07-01 18:00;14;
354180155;B00714A;2022-07-07 10:00;9;
354180155;B00714A;2022-07-08 08:00;9;
354180155;B00714A;2022-07-09 12:00;9;
354180155;B00714A;2022-07-09 16:00;10;
354180155;B00714A;2022-07-10 06:00;10;
354180155;B00714A;2022-07-10 09:00;12;
354180155;B00714A;2022-07-11 15:00;9;
354180155;B00714A;2022-07-11 16:00;9;
354180155;B00714A;2022-07-11 19:00;10;
354180155;B00714A;2022-07-11 20:00;10;
354180155;B00714A;2022-07-11 21:00;10;
354180155;B00714A;2022-07-12 02:00;8;
354180155;B00714A;2022-07-12 09:00;12;
354180155;B00714A;2022-07-12 10:00;11;
354180155;B00714A;2022-07-12 11:00;11;
354180155;B00714A;2022-07-12 12:00;12;
354180155;B00714A;2022-07-12 13:00;12;
354180155;B00714A;2022-07-12 14:00;12;
354180155;B00714A;2022-07-12 15:00;14;
354180155;B00714A;2022-07-12 16:00;13;
354180155;B00714A;2022-07-12 17:00;12;
354180155;B00714A;2022-07-12 19:00;12;
354180155;B00714A;2022-07-13 03:00;10;
354180155;B00714A;2022-07-13 05:00;10;
354180155;B00714A;2022-07-13 14:00;11;
354180155;B00714A;2022-07-14 04:00;10;
354180155;B00714A;2022-07-14 07:00;10;
354180155;B00714A;2022-07-14 08:00;10;
354180155;B00714A;2022-07-14 12:00;9;
354180155;B00714A;2022-07-14 14:00;11;
354180155;B00714A;2022-07-15 07:00;10;
354180155;B00714A;2022-07-15 08:00;11;
354180155;B00714A;2022-07-15 14:00;13;
354180155;B00714A;2022-07-15 15:00;11;
354180155;B00714A;2022-07-15 16:00;12;
354180155;B00714A;2022-07-16 18:00;10;
354180155;B00714A;2022-07-17 16:00;11;
354180155;B00714A;2022-07-23 19:00;10;
354180155;B00714A;2022-07-24 06:00;9;
354180155;B00714A;2022-07-26 19:00;11;
354180155;B00714A;2022-07-27 08:00;11;
354180155;B00714A;2022-07-27 13:00;11;
351180435;B00714A;2022-07-01 15:00;10;
351180435;B00714A;2022-07-01 16:00;14;
351180435;B00714A;2022-07-06 16:00;9;
351180435;B00714A;2022-07-08 18:00;8;
351180435;B00714A;2022-07-09 13:00;9;
351180435;B00714A;2022-07-11 13:00;9;
351180435;B00714A;2022-07-12 10:00;9;
351180435;B00714A;2022-07-12 14:00;10;
351180435;B00714A;2022-07-12 16:00;12;
351180435;B00714A;2022-07-13 06:00;10;
351180435;B00714A;2022-07-13 08:00;10;
351180435;B00714A;2022-07-13 17:00;9;
351180435;B00714A;2022-07-14 10:00;10;
351180435;B00714A;2022-07-15 10:00;11;
351180435;B00714A;2022-07-16 13:00;17;
351180435;B00714A;2022-07-16 15:00;11;
351180435;B00714A;2022-07-17 09:00;10;
351180435;B00714A;2022-07-17 11:00;9;
351180435;B00714A;2022-07-21 14:00;9;
351180435;B00714A;2022-07-23 11:00;11;
351180435;B00714A;2022-07-24 12:00;9;
351180435;B00714A;2022-07-26 08:00;8;
351180435;B00714A;2022-07-31 12:00;11;
352160330;B00714A;2022-07-01 15:00;16;
352160330;B00714A;2022-07-01 18:00;13;
352160330;B00714A;2022-07-02 12:00;8;
352160330;B00714A;2022-07-05 14:00;11;
352160330;B00714A;2022-07-06 11:00;14;
352160330;B00714A;2022-07-07 10:00;11;
352160330;B00714A;2022-07-08 16:00;14;
352160330;B00714A;2022-07-09 07:00;11;
352160330;B00714A;2022-07-09 08:00;12;
352160330;B00714A;2022-07-11 09:00;11;
352160330;B00714A;2022-07-11 10:00;14;
352160330;B00714A;2022-07-11 11:00;12;
352160330;B00714A;2022-07-11 14:00;13;
352160330;B00714A;2022-07-12 11:00;13;
352160330;B00714A;2022-07-12 13:00;13;
352160330;B00714A;2022-07-12 14:00;14;
352160330;B00714A;2022-07-14 08:00;10;
352160330;B00714A;2022-07-14 12:00;12;
352160330;B00714A;2022-07-14 15:00;10;
352160330;B00714A;2022-07-15 12:00;13;
352160330;B00714A;2022-07-16 14:00;14;
352160330;B00714A;2022-07-16 15:00;17;
352160330;B00714A;2022-07-17 12:00;10;
352160330;B00714A;2022-07-19 13:00;8;
352160330;B00714A;2022-07-22 15:00;11;
352160330;B00714A;2022-07-24 13:00;9;
352160330;B00714A;2022-07-27 12:00;12;
352160330;B00714A;2022-07-29 10:00;10;
352160330;B00714A;2022-07-29 11:00;10;
352160330;B00714A;2022-07-29 14:00;9;
352160330;B00714A;2022-07-31 13:00;9;
351180455;B00714A;2022-07-01 16:00;14;
351180455;B00714A;2022-07-01 18:00;11;
351180455;B00714A;2022-07-01 19:00;10;
351180455;B00714A;2022-07-01 20:00;9;
351180455;B00714A;2022-07-02 02:00;9;
351180455;B00714A;2022-07-03 12:00;8;
351180455;B00714A;2022-07-06 13:00;10;
351180455;B00714A;2022-07-08 09:00;10;
351180455;B00714A;2022-07-08 13:00;8;
351180455;B00714A;2022-07-08 15:00;9;
351180455;B00714A;2022-07-09 14:00;10;
351180455;B00714A;2022-07-10 06:00;8;
351180455;B00714A;2022-07-10 08:00;9;
351180455;B00714A;2022-07-10 14:00;9;
351180455;B00714A;2022-07-10 17:00;9;
351180455;B00714A;2022-07-11 10:00;10;
351180455;B00714A;2022-07-12 11:00;9;
351180455;B00714A;2022-07-12 12:00;10;
351180455;B00714A;2022-07-12 15:00;9;
351180455;B00714A;2022-07-12 16:00;10;
351180455;B00714A;2022-07-12 18:00;8;
351180455;B00714A;2022-07-13 09:00;10;
351180455;B00714A;2022-07-13 10:00;10;
351180455;B00714A;2022-07-13 11:00;10;
351180455;B00714A;2022-07-14 09:00;8;
351180455;B00714A;2022-07-14 15:00;7;
351180455;B00714A;2022-07-15 06:00;8;
351180455;B00714A;2022-07-15 08:00;10;
351180455;B00714A;2022-07-15 09:00;10;
351180455;B00714A;2022-07-15 10:00;10;
351180455;B00714A;2022-07-16 08:00;8;
351180455;B00714A;2022-07-16 09:00;10;
351180455;B00714A;2022-07-16 10:00;11;
351180455;B00714A;2022-07-16 11:00;10;
351180455;B00714A;2022-07-17 09:00;10;
351180455;B00714A;2022-07-17 10:00;9;
351180455;B00714A;2022-07-17 13:00;8;
351180455;B00714A;2022-07-22 14:00;8;
351180455;B00714A;2022-07-23 13:00;11;
351180455;B00714A;2022-07-25 13:00;8;
351180455;B00714A;2022-07-29 12:00;8;
351180455;B00714A;2022-07-29 13:00;8;
351180455;B00714A;2022-07-30 15:00;8;
351180455;B00714A;2022-07-30 22:00;8;
351180455;B00714A;2022-07-31 00:00;9;
351180455;B00714A;2022-07-31 01:00;10;
351180455;B00714A;2022-07-31 04:00;10;
351180455;B00714A;2022-07-31 08:00;10;
351180455;B00714A;2022-07-31 09:00;9;
351180455;B00714A;2022-07-31 10:00;10;
351180455;B00714A;2022-07-31 12:00;9;
350190550;B00714A;2022-07-01 17:00;9;
350190550;B00714A;2022-07-01 19:00;13;
350190550;B00714A;2022-07-04 15:00;8;
350190550;B00714A;2022-07-07 10:00;7;
350190550;B00714A;2022-07-07 11:00;7;
350190550;B00714A;2022-07-08 11:00;7;
350190550;B00714A;2022-07-08 13:00;9;
350190550;B00714A;2022-07-08 18:00;11;
350190550;B00714A;2022-07-09 15:00;10;
350190550;B00714A;2022-07-10 07:00;7;
350190550;B00714A;2022-07-10 08:00;8;
350190550;B00714A;2022-07-10 09:00;9;
350190550;B00714A;2022-07-11 08:00;12;
350190550;B00714A;2022-07-11 09:00;7;
350190550;B00714A;2022-07-11 16:00;10;
350190550;B00714A;2022-07-12 10:00;7;
350190550;B00714A;2022-07-12 12:00;11;
350190550;B00714A;2022-07-13 06:00;8;
350190550;B00714A;2022-07-13 07:00;9;
350190550;B00714A;2022-07-13 08:00;9;
350190550;B00714A;2022-07-13 09:00;9;
350190550;B00714A;2022-07-13 10:00;10;
350190550;B00714A;2022-07-15 10:00;9;
350190550;B00714A;2022-07-15 11:00;8;
350190550;B00714A;2022-07-15 13:00;7;
350190550;B00714A;2022-07-15 14:00;10;
350190550;B00714A;2022-07-16 14:00;9;
350190550;B00714A;2022-07-17 09:00;8;
350190550;B00714A;2022-07-17 12:00;7;
350190550;B00714A;2022-07-23 14:00;15;
350190550;B00714A;2022-07-24 11:00;8;
350190550;B00714A;2022-07-24 13:00;8;
350190550;B00714A;2022-07-29 08:00;8;
350190550;B00714A;2022-07-29 10:00;8;
350190550;B00714A;2022-07-31 05:00;11;
350190550;B00714A;2022-07-31 07:00;10;
350190550;B00714A;2022-07-31 08:00;10;
350190550;B00714A;2022-07-31 10:00;12;
351190465;B00714A;2022-07-01 18:00;11;
351190465;B00714A;2022-07-03 11:00;8;
351190465;B00714A;2022-07-06 13:00;14;
351190465;B00714A;2022-07-08 15:00;10;
351190465;B00714A;2022-07-09 11:00;11;
351190465;B00714A;2022-07-10 16:00;10;
351190465;B00714A;2022-07-12 11:00;11;
351190465;B00714A;2022-07-12 16:00;12;
351190465;B00714A;2022-07-12 17:00;13;
351190465;B00714A;2022-07-12 19:00;11;
351190465;B00714A;2022-07-13 10:00;12;
351190465;B00714A;2022-07-13 11:00;13;
351190465;B00714A;2022-07-13 12:00;12;
351190465;B00714A;2022-07-14 10:00;13;
351190465;B00714A;2022-07-15 07:00;11;
351190465;B00714A;2022-07-15 12:00;13;
351190465;B00714A;2022-07-19 12:00;8;
351190465;B00714A;2022-07-19 15:00;9;
351190465;B00714A;2022-07-23 13:00;14;
351190465;B00714A;2022-07-31 08:00;9;
350230595;B00714A;2022-07-06 11:00;12;
350230595;B00714A;2022-07-11 12:00;14;
350230595;B00714A;2022-07-13 00:00;12;
350230595;B00714A;2022-07-13 04:00;14;
350230595;B00714A;2022-07-13 09:00;14;
350230595;B00714A;2022-07-13 12:00;14;
350230595;B00714A;2022-07-13 16:00;15;
350230595;B00714A;2022-07-14 11:00;11;
350230595;B00714A;2022-07-23 01:00;30;
350230595;B00714A;2022-07-26 15:00;14;
350230595;B00714A;2022-07-29 12:00;10;
350230595;B00714A;2022-07-29 13:00;10;
351190469;B00714A;2022-07-01 13:00;10;
351190469;B00714A;2022-07-02 11:00;10;
351190469;B00714A;2022-07-06 15:00;13;
351190469;B00714A;2022-07-07 14:00;9;
351190469;B00714A;2022-07-07 15:00;9;
351190469;B00714A;2022-07-08 17:00;10;
351190469;B00714A;2022-07-09 13:00;11;
351190469;B00714A;2022-07-10 11:00;12;
351190469;B00714A;2022-07-11 12:00;9;
351190469;B00714A;2022-07-12 13:00;12;
351190469;B00714A;2022-07-12 15:00;11;
351190469;B00714A;2022-07-12 16:00;11;
351190469;B00714A;2022-07-12 17:00;12;
351190469;B00714A;2022-07-12 18:00;12;
351190469;B00714A;2022-07-12 19:00;12;
351190469;B00714A;2022-07-13 08:00;11;
351190469;B00714A;2022-07-13 10:00;15;
351190469;B00714A;2022-07-13 11:00;13;
351190469;B00714A;2022-07-13 12:00;13;
351190469;B00714A;2022-07-13 14:00;11;
351190469;B00714A;2022-07-14 08:00;11;
351190469;B00714A;2022-07-15 09:00;13;
351190469;B00714A;2022-07-15 11:00;13;
351190469;B00714A;2022-07-15 14:00;11;
351190469;B00714A;2022-07-16 09:00;12;
351190469;B00714A;2022-07-16 11:00;14;
351190469;B00714A;2022-07-16 13:00;14;
351190469;B00714A;2022-07-17 09:00;11;
351190469;B00714A;2022-07-17 11:00;11;
351190469;B00714A;2022-07-17 12:00;14;
351190469;B00714A;2022-07-17 13:00;12;
351190469;B00714A;2022-07-18 08:00;10;
351190469;B00714A;2022-07-19 12:00;9;
351190469;B00714A;2022-07-24 10:00;12;
351190469;B00714A;2022-07-24 13:00;9;
351190469;B00714A;2022-07-24 16:00;8;
351190469;B00714A;2022-07-27 15:00;8;
351210488;B00714A;2022-07-01 10:00;10;
351210488;B00714A;2022-07-01 13:00;10;
351210488;B00714A;2022-07-01 22:00;10;
351210488;B00714A;2022-07-02 13:00;8;
351210488;B00714A;2022-07-06 12:00;10;
351210488;B00714A;2022-07-12 08:00;9;
351210488;B00714A;2022-07-12 10:00;11;
351210488;B00714A;2022-07-12 11:00;12;
351210488;B00714A;2022-07-12 12:00;12;
351210488;B00714A;2022-07-12 14:00;9;
351210488;B00714A;2022-07-12 17:00;11;
351210488;B00714A;2022-07-12 21:00;10;
351210488;B00714A;2022-07-12 22:00;11;
351210488;B00714A;2022-07-12 23:00;9;
351210488;B00714A;2022-07-13 00:00;10;
351210488;B00714A;2022-07-13 01:00;12;
351210488;B00714A;2022-07-13 02:00;12;
351210488;B00714A;2022-07-13 05:00;10;
351210488;B00714A;2022-07-13 06:00;10;
351210488;B00714A;2022-07-13 07:00;10;
351210488;B00714A;2022-07-13 09:00;11;
351210488;B00714A;2022-07-13 10:00;14;
351210488;B00714A;2022-07-13 11:00;13;
351210488;B00714A;2022-07-13 13:00;14;
351210488;B00714A;2022-07-14 09:00;9;
351210488;B00714A;2022-07-14 10:00;10;
351210488;B00714A;2022-07-14 11:00;11;
351210488;B00714A;2022-07-15 09:00;11;
351210488;B00714A;2022-07-15 10:00;10;
351210488;B00714A;2022-07-15 13:00;11;
351210488;B00714A;2022-07-15 14:00;11;
351210488;B00714A;2022-07-15 17:00;8;
351210488;B00714A;2022-07-16 12:00;8;
351210488;B00714A;2022-07-17 11:00;9;
351210488;B00714A;2022-07-17 13:00;11;
351210488;B00714A;2022-07-23 16:00;19;
351210488;B00714A;2022-07-23 17:00;12;
351210488;B00714A;2022-07-24 08:00;10;
351210488;B00714A;2022-07-24 10:00;9;
351210488;B00714A;2022-07-24 11:00;9;
351210488;B00714A;2022-07-26 13:00;12;
352200375;B00714A;2022-07-01 12:00;11;
352200375;B00714A;2022-07-01 22:00;15;
352200375;B00714A;2022-07-10 11:00;9;
352200375;B00714A;2022-07-12 13:00;12;
352200375;B00714A;2022-07-12 18:00;14;
352200375;B00714A;2022-07-12 19:00;16;
352200375;B00714A;2022-07-12 20:00;15;
352200375;B00714A;2022-07-12 21:00;14;
352200375;B00714A;2022-07-13 09:00;16;
352200375;B00714A;2022-07-13 10:00;16;
352200375;B00714A;2022-07-13 12:00;15;
352200375;B00714A;2022-07-13 14:00;15;
352200375;B00714A;2022-07-14 09:00;12;
352200375;B00714A;2022-07-14 10:00;12;
352200375;B00714A;2022-07-14 11:00;11;
352200375;B00714A;2022-07-14 12:00;12;
352200375;B00714A;2022-07-15 13:00;14;
352200375;B00714A;2022-07-15 15:00;12;
352200375;B00714A;2022-07-19 12:00;9;
352200375;B00714A;2022-07-23 15:00;19;
352200375;B00714A;2022-07-26 13:00;12;
352200375;B00714A;2022-07-30 19:00;11;
351220495;B00714A;2022-07-01 11:00;11;
351220495;B00714A;2022-07-01 14:00;8;
351220495;B00714A;2022-07-02 02:00;11;
351220495;B00714A;2022-07-02 11:00;11;
351220495;B00714A;2022-07-05 23:00;10;
351220495;B00714A;2022-07-06 04:00;13;
351220495;B00714A;2022-07-06 05:00;12;
351220495;B00714A;2022-07-06 14:00;10;
351220495;B00714A;2022-07-09 12:00;9;
351220495;B00714A;2022-07-11 10:00;14;
351220495;B00714A;2022-07-11 17:00;8;
351220495;B00714A;2022-07-12 09:00;10;
351220495;B00714A;2022-07-12 13:00;14;
351220495;B00714A;2022-07-12 14:00;12;
351220495;B00714A;2022-07-12 15:00;11;
351220495;B00714A;2022-07-12 21:00;15;
351220495;B00714A;2022-07-12 22:00;12;
351220495;B00714A;2022-07-13 00:00;10;
351220495;B00714A;2022-07-13 03:00;11;
351220495;B00714A;2022-07-13 04:00;14;
351220495;B00714A;2022-07-13 06:00;12;
351220495;B00714A;2022-07-13 07:00;11;
351220495;B00714A;2022-07-13 08:00;12;
351220495;B00714A;2022-07-13 09:00;12;
351220495;B00714A;2022-07-13 10:00;11;
351220495;B00714A;2022-07-13 12:00;10;
351220495;B00714A;2022-07-13 13:00;15;
351220495;B00714A;2022-07-13 14:00;15;
351220495;B00714A;2022-07-13 15:00;15;
351220495;B00714A;2022-07-13 16:00;14;
351220495;B00714A;2022-07-14 12:00;11;
351220495;B00714A;2022-07-15 10:00;10;
351220495;B00714A;2022-07-15 12:00;12;
351220495;B00714A;2022-07-15 13:00;13;
351220495;B00714A;2022-07-15 15:00;11;
351220495;B00714A;2022-07-16 14:00;9;
351220495;B00714A;2022-07-16 16:00;16;
351220495;B00714A;2022-07-17 01:00;9;
351220495;B00714A;2022-07-18 11:00;10;
351220495;B00714A;2022-07-20 10:00;9;
351220495;B00714A;2022-07-23 20:00;12;
351220495;B00714A;2022-07-24 06:00;11;
351220495;B00714A;2022-07-24 13:00;10;
351220495;B00714A;2022-07-26 14:00;11;
351220495;B00714A;2022-07-26 15:00;15;
351220495;B00714A;2022-07-26 16:00;12;
351220495;B00714A;2022-07-29 07:00;9;
351220495;B00714A;2022-07-30 05:00;7;
350190566;B00714A;2022-07-10 12:00;12;
350190566;B00714A;2022-07-11 11:00;11;
350190566;B00714A;2022-07-14 21:00;15;
350190566;B00714A;2022-07-16 17:00;13;
350190566;B00714A;2022-07-23 15:00;10;
350190566;B00714A;2022-07-24 13:00;9;
349190625;B00714A;2022-07-01 10:00;10;
349190625;B00714A;2022-07-10 09:00;7;
349190625;B00714A;2022-07-13 09:00;8;
349190625;B00714A;2022-07-13 12:00;9;
349190625;B00714A;2022-07-14 09:00;7;
349190625;B00714A;2022-07-19 10:00;7;
349190625;B00714A;2022-07-23 16:00;8;
349190625;B00714A;2022-07-26 08:00;10;
349190625;B00714A;2022-07-31 09:00;7;
349190650;B00714A;2022-07-01 00:00;13;
349190650;B00714A;2022-07-01 01:00;12;
349190650;B00714A;2022-07-01 03:00;10;
349190650;B00714A;2022-07-01 05:00;11;
349190650;B00714A;2022-07-01 07:00;11;
349190650;B00714A;2022-07-01 08:00;11;
349190650;B00714A;2022-07-01 09:00;9;
349190650;B00714A;2022-07-01 13:00;8;
349190650;B00714A;2022-07-01 20:00;9;
349190650;B00714A;2022-07-07 07:00;13;
349190650;B00714A;2022-07-08 16:00;9;
349190650;B00714A;2022-07-08 20:00;15;
349190650;B00714A;2022-07-09 00:00;13;
349190650;B00714A;2022-07-09 15:00;11;
349190650;B00714A;2022-07-10 09:00;10;
349190650;B00714A;2022-07-10 14:00;9;
349190650;B00714A;2022-07-10 17:00;12;
349190650;B00714A;2022-07-10 22:00;10;
349190650;B00714A;2022-07-11 04:00;11;
349190650;B00714A;2022-07-11 15:00;13;
349190650;B00714A;2022-07-11 16:00;14;
349190650;B00714A;2022-07-11 18:00;12;
349190650;B00714A;2022-07-11 19:00;12;
349190650;B00714A;2022-07-11 23:00;10;
349190650;B00714A;2022-07-12 02:00;10;
349190650;B00714A;2022-07-12 09:00;12;
349190650;B00714A;2022-07-12 13:00;12;
349190650;B00714A;2022-07-12 14:00;12;
349190650;B00714A;2022-07-12 15:00;12;
349190650;B00714A;2022-07-12 16:00;13;
349190650;B00714A;2022-07-12 18:00;11;
349190650;B00714A;2022-07-12 19:00;16;
349190650;B00714A;2022-07-12 20:00;14;
349190650;B00714A;2022-07-12 21:00;17;
349190650;B00714A;2022-07-12 22:00;16;
349190650;B00714A;2022-07-12 23:00;15;
349190650;B00714A;2022-07-13 00:00;16;
349190650;B00714A;2022-07-13 01:00;14;
349190650;B00714A;2022-07-13 02:00;14;
349190650;B00714A;2022-07-13 03:00;16;
349190650;B00714A;2022-07-13 04:00;12;
349190650;B00714A;2022-07-13 05:00;9;
349190650;B00714A;2022-07-13 07:00;12;
349190650;B00714A;2022-07-13 13:00;10;
349190650;B00714A;2022-07-13 21:00;13;
349190650;B00714A;2022-07-14 07:00;10;
349190650;B00714A;2022-07-14 08:00;12;
349190650;B00714A;2022-07-14 09:00;15;
349190650;B00714A;2022-07-14 10:00;10;
349190650;B00714A;2022-07-14 11:00;9;
349190650;B00714A;2022-07-14 17:00;15;
349190650;B00714A;2022-07-14 22:00;13;
349190650;B00714A;2022-07-14 23:00;27;
349190650;B00714A;2022-07-15 01:00;15;
349190650;B00714A;2022-07-15 02:00;15;
349190650;B00714A;2022-07-16 16:00;10;
349190650;B00714A;2022-07-16 17:00;11;
349190650;B00714A;2022-07-16 18:00;15;
349190650;B00714A;2022-07-16 19:00;12;
349190650;B00714A;2022-07-16 21:00;11;
349190650;B00714A;2022-07-16 22:00;11;
349190650;B00714A;2022-07-17 03:00;13;
349190650;B00714A;2022-07-23 16:00;16;
349190650;B00714A;2022-07-29 01:00;10;
349190650;B00714A;2022-07-29 15:00;11;
349190650;B00714A;2022-07-30 13:00;7;
349190650;B00714A;2022-07-31 14:00;11;
349190650;B00714A;2022-07-31 16:00;10;
349190650;B00714A;2022-07-31 17:00;11;
349190650;B00714A;2022-07-31 18:00;11;
349190650;B00714A;2022-07-31 19:00;12;
349190650;B00714A;2022-07-31 20:00;13;
349190650;B00714A;2022-07-31 21:00;14;
349190650;B00714A;2022-07-31 22:00;14;
349200660;B00714A;2022-07-01 12:00;7;
349200660;B00714A;2022-07-01 13:00;7;
349200660;B00714A;2022-07-01 21:00;7;
349200660;B00714A;2022-07-06 11:00;11;
349200660;B00714A;2022-07-09 14:00;9;
349200660;B00714A;2022-07-11 13:00;14;
349200660;B00714A;2022-07-12 10:00;14;
349200660;B00714A;2022-07-12 11:00;12;
349200660;B00714A;2022-07-12 12:00;10;
349200660;B00714A;2022-07-13 02:00;10;
349200660;B00714A;2022-07-13 05:00;10;
349200660;B00714A;2022-07-13 06:00;10;
349200660;B00714A;2022-07-13 07:00;12;
349200660;B00714A;2022-07-13 08:00;13;
349200660;B00714A;2022-07-13 10:00;11;
349200660;B00714A;2022-07-13 11:00;13;
349200660;B00714A;2022-07-13 12:00;13;
349200660;B00714A;2022-07-13 13:00;12;
349200660;B00714A;2022-07-13 14:00;11;
349200660;B00714A;2022-07-13 15:00;13;
349200660;B00714A;2022-07-13 16:00;10;
349200660;B00714A;2022-07-14 11:00;10;
349200660;B00714A;2022-07-14 13:00;8;
349200660;B00714A;2022-07-15 11:00;11;
349200660;B00714A;2022-07-15 12:00;10;
349200660;B00714A;2022-07-15 13:00;8;
349200660;B00714A;2022-07-16 12:00;9;
349200660;B00714A;2022-07-17 11:00;9;
349200660;B00714A;2022-07-17 14:00;9;
349200660;B00714A;2022-07-17 15:00;9;
349200660;B00714A;2022-07-18 10:00;9;
349200660;B00714A;2022-07-23 15:00;16;
349200660;B00714A;2022-07-23 16:00;23;
349200660;B00714A;2022-07-24 08:00;7;
349200660;B00714A;2022-07-24 10:00;8;
349200660;B00714A;2022-07-24 11:00;8;
349200660;B00714A;2022-07-26 10:00;10;
349200660;B00714A;2022-07-26 11:00;9;
349200660;B00714A;2022-07-31 11:00;8;
350190560;B00714A;2022-07-01 18:00;10;
350190560;B00714A;2022-07-01 20:00;9;
350190560;B00714A;2022-07-04 12:00;8;
350190560;B00714A;2022-07-06 08:00;8;
350190560;B00714A;2022-07-06 12:00;9;
350190560;B00714A;2022-07-08 12:00;10;
350190560;B00714A;2022-07-09 14:00;9;
350190560;B00714A;2022-07-09 16:00;7;
350190560;B00714A;2022-07-10 11:00;7;
350190560;B00714A;2022-07-10 13:00;8;
350190560;B00714A;2022-07-10 14:00;8;
350190560;B00714A;2022-07-11 08:00;8;
350190560;B00714A;2022-07-11 10:00;8;
350190560;B00714A;2022-07-11 18:00;8;
350190560;B00714A;2022-07-12 14:00;7;
350190560;B00714A;2022-07-13 10:00;10;
350190560;B00714A;2022-07-13 11:00;9;
350190560;B00714A;2022-07-14 20:00;9;
350190560;B00714A;2022-07-15 11:00;9;
350190560;B00714A;2022-07-15 12:00;10;
350190560;B00714A;2022-07-15 16:00;8;
350190560;B00714A;2022-07-16 10:00;9;
350190560;B00714A;2022-07-16 14:00;8;
350190560;B00714A;2022-07-17 09:00;10;
350190560;B00714A;2022-07-20 11:00;7;
350190560;B00714A;2022-07-21 04:00;5;
350190560;B00714A;2022-07-23 15:00;7;
350190560;B00714A;2022-07-24 15:00;7;
350190560;B00714A;2022-07-26 07:00;10;
350190560;B00714A;2022-07-26 09:00;8;
350190560;B00714A;2022-07-27 21:00;7;
350190560;B00714A;2022-07-29 08:00;11;
350190560;B00714A;2022-07-31 14:00;7;
350200570;B00714A;2022-07-01 12:00;9;
350200570;B00714A;2022-07-01 13:00;8;
350200570;B00714A;2022-07-02 00:00;13;
350200570;B00714A;2022-07-08 12:00;10;
350200570;B00714A;2022-07-10 13:00;12;
350200570;B00714A;2022-07-10 14:00;9;
350200570;B00714A;2022-07-10 18:00;10;
350200570;B00714A;2022-07-11 08:00;8;
350200570;B00714A;2022-07-12 07:00;8;
350200570;B00714A;2022-07-12 10:00;10;
350200570;B00714A;2022-07-12 12:00;11;
350200570;B00714A;2022-07-12 20:00;10;
350200570;B00714A;2022-07-13 02:00;8;
350200570;B00714A;2022-07-13 04:00;8;
350200570;B00714A;2022-07-13 07:00;10;
350200570;B00714A;2022-07-13 08:00;11;
350200570;B00714A;2022-07-13 09:00;12;
350200570;B00714A;2022-07-13 10:00;11;
350200570;B00714A;2022-07-13 11:00;12;
350200570;B00714A;2022-07-13 12:00;12;
350200570;B00714A;2022-07-13 15:00;11;
350200570;B00714A;2022-07-14 21:00;9;
350200570;B00714A;2022-07-15 08:00;9;
350200570;B00714A;2022-07-15 09:00;9;
350200570;B00714A;2022-07-15 11:00;10;
350200570;B00714A;2022-07-15 12:00;10;
350200570;B00714A;2022-07-15 13:00;10;
350200570;B00714A;2022-07-15 14:00;8;
350200570;B00714A;2022-07-16 09:00;7;
350200570;B00714A;2022-07-23 16:00;19;
350200570;B00714A;2022-07-23 17:00;9;
350200570;B00714A;2022-07-26 11:00;10;
350200570;B00714A;2022-07-26 12:00;10;
350200575;B00714A;2022-07-01 22:00;10;
350200575;B00714A;2022-07-06 14:00;8;
350200575;B00714A;2022-07-08 14:00;8;
350200575;B00714A;2022-07-09 16:00;7;
350200575;B00714A;2022-07-09 17:00;8;
350200575;B00714A;2022-07-10 09:00;9;
350200575;B00714A;2022-07-10 10:00;8;
350200575;B00714A;2022-07-10 11:00;7;
350200575;B00714A;2022-07-10 12:00;9;
350200575;B00714A;2022-07-11 10:00;7;
350200575;B00714A;2022-07-11 11:00;8;
350200575;B00714A;2022-07-12 11:00;10;
350200575;B00714A;2022-07-12 12:00;9;
350200575;B00714A;2022-07-12 14:00;7;
350200575;B00714A;2022-07-13 07:00;8;
350200575;B00714A;2022-07-13 08:00;9;
350200575;B00714A;2022-07-13 09:00;9;
350200575;B00714A;2022-07-13 10:00;10;
350200575;B00714A;2022-07-13 11:00;10;
350200575;B00714A;2022-07-13 12:00;9;
350200575;B00714A;2022-07-13 15:00;8;
350200575;B00714A;2022-07-13 16:00;7;
350200575;B00714A;2022-07-14 22:00;11;
350200575;B00714A;2022-07-15 06:00;7;
350200575;B00714A;2022-07-15 07:00;8;
350200575;B00714A;2022-07-15 09:00;7;
350200575;B00714A;2022-07-15 12:00;9;
350200575;B00714A;2022-07-15 13:00;9;
350200575;B00714A;2022-07-15 14:00;8;
350200575;B00714A;2022-07-15 16:00;7;
350200575;B00714A;2022-07-16 17:00;11;
350200575;B00714A;2022-07-17 09:00;8;
350200575;B00714A;2022-07-17 11:00;8;
350200575;B00714A;2022-07-20 14:00;7;
350200575;B00714A;2022-07-23 18:00;8;
350200575;B00714A;2022-07-24 09:00;7;
350200575;B00714A;2022-07-24 15:00;7;
350200575;B00714A;2022-07-26 11:00;9;
350200575;B00714A;2022-07-26 12:00;8;
350200575;B00714A;2022-07-26 16:00;7;
350200575;B00714A;2022-07-29 18:00;10;
350200575;B00714A;2022-07-31 11:00;8;
350200575;B00714A;2022-07-31 13:00;7;
350210585;B00714A;2022-07-01 10:00;9;
350210585;B00714A;2022-07-01 11:00;9;
350210585;B00714A;2022-07-02 01:00;14;
350210585;B00714A;2022-07-02 09:00;9;
350210585;B00714A;2022-07-06 04:00;10;
350210585;B00714A;2022-07-08 14:00;10;
350210585;B00714A;2022-07-12 09:00;11;
350210585;B00714A;2022-07-12 23:00;9;
350210585;B00714A;2022-07-13 02:00;11;
350210585;B00714A;2022-07-13 04:00;12;
350210585;B00714A;2022-07-13 05:00;11;
350210585;B00714A;2022-07-13 07:00;10;
350210585;B00714A;2022-07-13 09:00;12;
350210585;B00714A;2022-07-13 10:00;15;
350210585;B00714A;2022-07-13 11:00;14;
350210585;B00714A;2022-07-13 12:00;14;
350210585;B00714A;2022-07-13 13:00;12;
350210585;B00714A;2022-07-13 14:00;11;
350210585;B00714A;2022-07-13 15:00;12;
350210585;B00714A;2022-07-13 16:00;12;
350210585;B00714A;2022-07-14 11:00;8;
350210585;B00714A;2022-07-14 22:00;13;
350210585;B00714A;2022-07-15 14:00;10;
350210585;B00714A;2022-07-17 08:00;10;
350210585;B00714A;2022-07-17 14:00;10;
350210585;B00714A;2022-07-17 15:00;10;
350210585;B00714A;2022-07-26 14:00;11;
349190600;B00714A;2022-07-06 08:00;9;
349190600;B00714A;2022-07-06 09:00;8;
349190600;B00714A;2022-07-08 11:00;10;
349190600;B00714A;2022-07-09 14:00;9;
349190600;B00714A;2022-07-11 10:00;10;
349190600;B00714A;2022-07-11 13:00;11;
349190600;B00714A;2022-07-13 13:00;10;
349190600;B00714A;2022-07-16 12:00;11;
349190600;B00714A;2022-07-16 16:00;10;
349190600;B00714A;2022-07-16 19:00;9;
349190600;B00714A;2022-07-26 08:00;10;
349190600;B00714A;2022-07-31 07:00;9;
349190600;B00714A;2022-07-31 08:00;9;
349190600;B00714A;2022-07-31 09:00;9;
354190160;B00714A;2022-07-01 04:00;11;
354190160;B00714A;2022-07-01 10:00;14;
354190160;B00714A;2022-07-01 19:00;12;
354190160;B00714A;2022-07-06 11:00;9;
354190160;B00714A;2022-07-08 10:00;9;
354190160;B00714A;2022-07-08 11:00;9;
354190160;B00714A;2022-07-08 13:00;9;
354190160;B00714A;2022-07-08 14:00;9;
354190160;B00714A;2022-07-08 15:00;10;
354190160;B00714A;2022-07-08 16:00;11;
354190160;B00714A;2022-07-08 17:00;9;
354190160;B00714A;2022-07-12 01:00;9;
354190160;B00714A;2022-07-12 05:00;8;
354190160;B00714A;2022-07-12 07:00;10;
354190160;B00714A;2022-07-12 08:00;12;
354190160;B00714A;2022-07-12 09:00;11;
354190160;B00714A;2022-07-12 10:00;14;
354190160;B00714A;2022-07-12 11:00;13;
354190160;B00714A;2022-07-12 12:00;14;
354190160;B00714A;2022-07-12 13:00;14;
354190160;B00714A;2022-07-12 14:00;16;
354190160;B00714A;2022-07-12 15:00;16;
354190160;B00714A;2022-07-12 16:00;15;
354190160;B00714A;2022-07-12 17:00;15;
354190160;B00714A;2022-07-12 18:00;12;
354190160;B00714A;2022-07-12 19:00;10;
354190160;B00714A;2022-07-12 20:00;12;
354190160;B00714A;2022-07-12 21:00;8;
354190160;B00714A;2022-07-13 00:00;9;
354190160;B00714A;2022-07-13 02:00;8;
354190160;B00714A;2022-07-13 04:00;8;
354190160;B00714A;2022-07-13 05:00;9;
354190160;B00714A;2022-07-13 07:00;8;
354190160;B00714A;2022-07-13 09:00;10;
354190160;B00714A;2022-07-13 10:00;9;
354190160;B00714A;2022-07-13 15:00;9;
354190160;B00714A;2022-07-13 16:00;9;
354190160;B00714A;2022-07-14 05:00;10;
354190160;B00714A;2022-07-14 06:00;11;
354190160;B00714A;2022-07-14 08:00;9;
354190160;B00714A;2022-07-14 09:00;8;
354190160;B00714A;2022-07-14 10:00;9;
354190160;B00714A;2022-07-15 10:00;10;
354190160;B00714A;2022-07-15 12:00;8;
354190160;B00714A;2022-07-15 13:00;8;
354190160;B00714A;2022-07-15 16:00;9;
354190160;B00714A;2022-07-15 18:00;9;
354190160;B00714A;2022-07-17 08:00;8;
354190160;B00714A;2022-07-17 09:00;9;
354190160;B00714A;2022-07-17 10:00;8;
354190160;B00714A;2022-07-17 12:00;9;
354190160;B00714A;2022-07-17 19:00;7;
354190160;B00714A;2022-07-24 09:00;10;
354190160;B00714A;2022-07-24 10:00;11;
354190160;B00714A;2022-07-24 11:00;9;
354190160;B00714A;2022-07-24 13:00;10;
354190160;B00714A;2022-07-26 21:00;9;
354190160;B00714A;2022-07-28 13:00;10;
354190160;B00714A;2022-07-30 10:00;8;
353200272;B00714A;2022-07-01 02:00;11;
353200272;B00714A;2022-07-01 21:00;7;
353200272;B00714A;2022-07-02 08:00;11;
353200272;B00714A;2022-07-10 08:00;10;
353200272;B00714A;2022-07-10 11:00;8;
353200272;B00714A;2022-07-12 09:00;14;
353200272;B00714A;2022-07-12 10:00;13;
353200272;B00714A;2022-07-12 11:00;16;
353200272;B00714A;2022-07-12 14:00;18;
353200272;B00714A;2022-07-12 15:00;17;
353200272;B00714A;2022-07-12 16:00;15;
353200272;B00714A;2022-07-12 17:00;14;
353200272;B00714A;2022-07-12 18:00;14;
353200272;B00714A;2022-07-12 19:00;14;
353200272;B00714A;2022-07-12 20:00;14;
353200272;B00714A;2022-07-13 09:00;15;
353200272;B00714A;2022-07-13 11:00;13;
353200272;B00714A;2022-07-13 13:00;9;
353200272;B00714A;2022-07-13 14:00;11;
353200272;B00714A;2022-07-15 11:00;8;
353200272;B00714A;2022-07-15 12:00;10;
353200272;B00714A;2022-07-15 13:00;10;
353200272;B00714A;2022-07-15 18:00;9;
353200272;B00714A;2022-07-16 12:00;8;
353200272;B00714A;2022-07-16 16:00;8;
353200272;B00714A;2022-07-18 10:00;8;
353200272;B00714A;2022-07-21 11:00;6;
353200272;B00714A;2022-07-24 08:00;8;
354210185;B00714A;2022-07-01 21:00;9;
354210185;B00714A;2022-07-02 14:00;9;
354210185;B00714A;2022-07-06 14:00;11;
354210185;B00714A;2022-07-10 14:00;9;
354210185;B00714A;2022-07-12 06:00;11;
354210185;B00714A;2022-07-12 07:00;12;
354210185;B00714A;2022-07-12 08:00;14;
354210185;B00714A;2022-07-12 09:00;13;
354210185;B00714A;2022-07-12 10:00;11;
354210185;B00714A;2022-07-12 11:00;11;
354210185;B00714A;2022-07-12 12:00;10;
354210185;B00714A;2022-07-12 13:00;11;
354210185;B00714A;2022-07-12 14:00;12;
354210185;B00714A;2022-07-12 15:00;12;
354210185;B00714A;2022-07-12 16:00;12;
354210185;B00714A;2022-07-12 17:00;13;
354210185;B00714A;2022-07-12 18:00;15;
354210185;B00714A;2022-07-12 20:00;9;
354210185;B00714A;2022-07-13 01:00;9;
354210185;B00714A;2022-07-13 11:00;10;
354210185;B00714A;2022-07-13 12:00;10;
354210185;B00714A;2022-07-13 13:00;11;
354210185;B00714A;2022-07-13 14:00;11;
354210185;B00714A;2022-07-13 16:00;11;
354210185;B00714A;2022-07-14 05:00;11;
354210185;B00714A;2022-07-14 11:00;13;
354210185;B00714A;2022-07-15 09:00;13;
354210185;B00714A;2022-07-15 11:00;13;
354210185;B00714A;2022-07-15 12:00;11;
354210185;B00714A;2022-07-15 19:00;13;
354210185;B00714A;2022-07-23 07:00;9;
354210185;B00714A;2022-07-24 11:00;10;
354210185;B00714A;2022-07-24 13:00;10;
354210185;B00714A;2022-07-24 15:00;9;
354210185;B00714A;2022-07-24 16:00;9;
354210185;B00714A;2022-07-27 09:00;10;
354210185;B00714A;2022-07-28 13:00;13;
349200628;B00714A;2022-07-01 00:00;9;
349200628;B00714A;2022-07-01 04:00;9;
349200628;B00714A;2022-07-01 05:00;12;
349200628;B00714A;2022-07-01 07:00;10;
349200628;B00714A;2022-07-02 22:00;8;
349200628;B00714A;2022-07-08 21:00;7;
349200628;B00714A;2022-07-09 00:00;9;
349200628;B00714A;2022-07-11 13:00;8;
349200628;B00714A;2022-07-11 14:00;8;
349200628;B00714A;2022-07-12 14:00;7;
349200628;B00714A;2022-07-12 21:00;9;
349200628;B00714A;2022-07-12 22:00;11;
349200628;B00714A;2022-07-13 00:00;8;
349200628;B00714A;2022-07-13 02:00;9;
349200628;B00714A;2022-07-13 09:00;9;
349200628;B00714A;2022-07-13 14:00;9;
349200628;B00714A;2022-07-14 15:00;11;
349200628;B00714A;2022-07-14 18:00;8;
349200628;B00714A;2022-07-15 00:00;13;
349200628;B00714A;2022-07-15 02:00;10;
349200628;B00714A;2022-07-15 08:00;7;
349200628;B00714A;2022-07-16 13:00;7;
349200628;B00714A;2022-07-29 01:00;10;
349200628;B00714A;2022-07-31 07:00;8;
349200628;B00714A;2022-07-31 08:00;8;
349200628;B00714A;2022-07-31 20:00;11;
